,LifeExpectancy,Adult Mortality,infant deaths,Alcohol
0,65.0,263.0,62,0.01
1,59.9,271.0,64,0.01
2,59.9,268.0,66,0.01
3,59.5,272.0,69,0.01
4,59.2,275.0,71,0.01
5,58.8,279.0,74,0.01
6,58.6,281.0,77,0.01
7,58.1,287.0,80,0.03
8,57.5,295.0,82,0.02
9,57.3,295.0,84,0.03
10,57.3,291.0,85,0.02
11,57.0,293.0,87,0.02
12,56.7,295.0,87,0.01
13,56.2,3.0,88,0.01
14,55.3,316.0,88,0.01
15,54.8,321.0,88,0.01
16,77.8,74.0,0,4.6
17,77.5,8.0,0,4.51
18,77.2,84.0,0,4.76
19,76.9,86.0,0,5.14
20,76.6,88.0,0,5.37
21,76.2,91.0,1,5.28
22,76.1,91.0,1,5.79
23,75.3,1.0,1,5.61
24,75.9,9.0,1,5.58
25,74.2,99.0,1,5.31
26,73.5,15.0,1,5.16
27,73.0,17.0,1,4.54
28,72.8,18.0,1,4.29
29,73.3,15.0,1,3.73
30,73.6,14.0,1,4.25
31,72.6,11.0,1,3.66
32,75.6,19.0,21,0.0
33,75.4,11.0,21,0.01
34,75.3,112.0,21,0.53
35,75.1,113.0,21,0.66
36,74.9,116.0,21,0.56
37,74.7,119.0,21,0.45
38,74.4,123.0,20,0.5
39,74.1,126.0,20,0.46
40,73.8,129.0,20,0.44
41,73.4,132.0,20,0.36
42,72.9,136.0,19,0.5
43,72.3,14.0,19,0.45
44,71.7,146.0,20,0.34
45,71.6,145.0,20,0.36
46,71.4,145.0,20,0.23
47,71.3,145.0,21,0.25
48,52.4,335.0,66,0.0
49,51.7,348.0,67,8.33
50,51.1,355.0,69,8.1
51,56.0,358.0,72,8.24
52,51.0,361.0,75,8.06
53,49.6,365.0,78,7.8
54,49.1,369.0,81,7.01
55,48.7,371.0,84,7.07
56,48.2,375.0,87,6.35
57,47.7,381.0,90,5.84
58,47.4,382.0,92,5.04
59,47.1,386.0,94,3.53
60,46.8,388.0,95,3.49
61,46.5,391.0,96,2.82
62,45.7,44.0,97,2.58
63,45.3,48.0,97,1.85
64,76.4,13.0,0,0.0
65,76.2,131.0,0,8.56
66,76.1,133.0,0,8.58
67,75.9,134.0,0,8.18
68,75.7,136.0,0,7.84
69,75.6,138.0,0,7.84
70,75.4,14.0,0,7.82
71,75.2,142.0,0,8.27
72,75.0,144.0,0,8.64
73,74.8,145.0,0,8.93
74,74.6,147.0,0,8.15
75,74.4,149.0,0,7.28
76,74.2,151.0,0,7.16
77,74.0,153.0,0,7.21
78,73.8,154.0,0,7.51
79,73.6,156.0,0,7.27
80,76.3,116.0,8,0.0
81,76.2,118.0,8,7.93
82,76.0,119.0,8,8.28
83,75.9,12.0,9,8.35
84,75.7,12.0,9,8.11
85,75.5,121.0,10,8.15
86,75.6,126.0,10,8.33
87,75.4,126.0,10,8.41
88,74.8,129.0,10,8.16
89,75.2,127.0,11,7.75
90,74.9,127.0,11,7.53
91,74.7,13.0,11,7.63
92,74.1,137.0,11,7.62
93,74.1,138.0,12,7.81
94,74.0,138.0,12,7.76
95,74.1,137.0,12,7.68
96,74.8,118.0,1,0.0
97,74.6,12.0,1,3.91
98,74.4,123.0,1,3.79
99,74.4,121.0,1,3.89
100,73.9,128.0,1,4.09
101,73.5,132.0,1,4.23
102,73.3,137.0,1,3.96
103,73.2,14.0,1,3.96
104,73.5,132.0,1,3.99
105,72.9,141.0,1,4.01
106,73.0,137.0,1,4.25
107,73.0,132.0,1,3.81
108,72.7,134.0,1,3.03
109,72.6,134.0,1,2.86
110,72.6,141.0,1,2.86
111,72.0,142.0,1,2.9
112,82.8,59.0,1,0.0
113,82.7,6.0,1,9.71
114,82.5,61.0,1,9.87
115,82.3,61.0,1,10.03
116,82.0,63.0,1,10.3
117,81.9,64.0,1,10.52
118,81.7,66.0,1,10.62
119,81.3,66.0,1,10.76
120,81.3,66.0,1,10.56
121,81.2,66.0,1,10.31
122,81.0,67.0,1,10.3
123,86.0,69.0,1,9.84
124,83.0,71.0,1,9.97
125,79.9,73.0,1,9.84
126,79.9,75.0,1,9.53
127,79.5,78.0,1,10.17
128,81.5,65.0,0,0.0
129,81.4,66.0,0,12.32
130,81.1,68.0,0,11.82
131,88.0,7.0,0,12.26
132,88.0,73.0,0,12.04
133,84.0,75.0,0,12.1
134,82.0,77.0,0,11.3
135,84.0,76.0,0,12.0
136,81.0,8.0,0,12.5
137,79.8,81.0,0,12.4
138,79.4,85.0,0,12.4
139,79.3,86.0,0,12.1
140,78.8,88.0,0,12.2
141,78.7,9.0,0,12.5
142,78.6,92.0,0,12.4
143,78.1,96.0,0,13.2
144,72.7,118.0,5,0.0
145,72.5,119.0,5,0.01
146,72.2,121.0,5,2.14
147,71.9,123.0,5,0.01
148,71.6,125.0,5,1.98
149,71.1,13.0,5,1.98
150,78.0,132.0,6,2.1
151,73.0,141.0,6,1.18
152,73.0,14.0,6,1.02
153,69.2,154.0,6,0.85
154,68.4,162.0,6,0.73
155,68.4,154.0,6,0.62
156,67.8,154.0,7,0.55
157,67.8,146.0,7,0.55
158,67.5,151.0,8,0.51
159,66.6,16.0,9,0.65
160,76.1,147.0,0,0.0
161,75.4,16.0,0,9.45
162,74.8,172.0,0,9.42
163,74.9,167.0,0,9.5
164,75.0,162.0,0,9.34
165,75.0,161.0,0,9.19
166,74.6,168.0,0,9.29
167,74.5,167.0,0,10.15
168,74.4,167.0,0,10.75
169,74.2,171.0,0,11.07
170,74.1,172.0,0,10.49
171,73.8,174.0,0,10.1
172,73.2,189.0,0,10.68
173,73.1,19.0,0,10.85
174,72.9,189.0,0,11.64
175,72.6,192.0,0,12.15
176,76.9,69.0,0,0.0
177,76.8,7.0,0,1.57
178,76.7,7.0,0,1.65
179,76.5,71.0,0,1.7
180,76.1,76.0,0,1.66
181,76.1,73.0,0,1.93
182,76.0,74.0,0,1.95
183,75.8,76.0,0,2.0
184,75.6,77.0,0,2.0
185,75.5,79.0,0,2.1
186,75.3,81.0,0,2.05
187,75.2,83.0,0,2.16
188,75.0,85.0,0,2.16
189,74.9,87.0,0,1.99
190,74.7,9.0,0,1.95
191,74.5,92.0,0,2.15
192,71.8,129.0,92,0.0
193,71.4,132.0,98,0.01
194,71.0,135.0,104,0.01
195,77.0,137.0,111,0.01
196,73.0,14.0,118,0.01
197,69.9,142.0,126,0.01
198,69.5,144.0,135,0.01
199,69.1,147.0,144,0.01
200,68.6,151.0,154,0.01
201,68.2,152.0,164,0.01
202,67.8,155.0,174,0.01
203,67.3,158.0,185,0.01
204,66.8,161.0,196,0.01
205,66.3,164.0,207,0.01
206,65.8,168.0,219,0.01
207,65.3,173.0,231,0.01
208,75.5,98.0,0,0.0
209,75.4,1.0,0,8.82
210,75.2,11.0,0,8.74
211,75.1,12.0,0,8.61
212,74.9,14.0,0,8.51
213,74.7,16.0,0,8.41
214,74.6,19.0,0,8.46
215,74.4,111.0,0,8.95
216,74.2,113.0,0,8.47
217,74.1,115.0,0,8.39
218,73.9,117.0,0,8.01
219,73.8,119.0,0,7.68
220,73.7,121.0,0,7.65
221,73.5,123.0,0,7.59
222,73.4,125.0,0,7.38
223,73.3,127.0,0,7.43
224,72.3,196.0,0,0.0
225,72.0,199.0,0,13.94
226,71.7,23.0,0,14.66
227,71.9,194.0,0,16.35
228,72.0,232.0,0,17.31
229,73.0,222.0,0,14.44
230,70.0,226.0,0,14.09
231,70.0,224.0,1,14.67
232,69.8,226.0,1,14.22
233,68.9,243.0,1,12.6
234,68.1,252.0,1,11.01
235,68.2,247.0,1,12.05
236,67.7,253.0,1,11.17
237,67.2,262.0,1,12.23
238,67.7,254.0,1,10.74
239,68.0,247.0,1,12.98
240,81.1,74.0,0,0.0
241,89.0,76.0,0,12.6
242,87.0,77.0,0,11.77
243,83.0,78.0,0,10.08
244,83.0,8.0,0,10.11
245,80.0,81.0,0,10.22
246,79.8,85.0,0,10.05
247,79.5,87.0,0,10.47
248,79.5,86.0,0,10.25
249,79.4,85.0,0,10.98
250,78.9,89.0,0,12.27
251,78.8,91.0,1,12.05
252,78.3,95.0,0,11.28
253,78.0,99.0,1,11.29
254,78.0,1.0,1,11.01
255,77.6,11.0,1,11.21
256,71.0,175.0,0,0.0
257,70.0,177.0,0,6.58
258,69.8,18.0,0,6.56
259,69.4,189.0,0,6.66
260,69.4,188.0,0,6.64
261,69.5,186.0,0,6.76
262,69.5,184.0,0,6.85
263,69.6,181.0,0,7.22
264,69.6,181.0,0,7.24
265,69.4,184.0,0,6.48
266,69.0,191.0,0,6.25
267,68.7,197.0,0,6.2
268,68.4,21.0,0,5.67
269,68.5,199.0,0,4.99
270,68.2,21.0,0,4.9
271,68.3,196.0,0,4.79
272,60.0,249.0,25,0.0
273,59.7,252.0,25,0.01
274,59.5,251.0,25,0.01
275,59.3,251.0,25,0.01
276,59.1,251.0,25,1.4
277,58.7,254.0,25,1.33
278,58.4,259.0,25,1.16
279,57.6,278.0,25,1.28
280,57.1,283.0,25,1.12
281,56.8,284.0,25,1.19
282,56.5,285.0,25,1.13
283,56.1,285.0,25,1.15
284,55.8,285.0,25,1.35
285,55.6,283.0,25,1.23
286,55.5,281.0,25,1.29
287,55.4,279.0,25,1.34
288,69.8,211.0,0,0.0
289,69.4,216.0,0,0.01
290,69.1,219.0,0,0.01
291,68.7,223.0,0,0.01
292,68.3,225.0,0,0.23
293,67.9,228.0,1,0.28
294,67.4,232.0,1,0.17
295,67.0,234.0,1,0.21
296,66.5,238.0,1,0.16
297,65.8,245.0,1,0.29
298,65.0,254.0,1,0.73
299,64.2,263.0,1,0.96
300,63.3,273.0,1,0.52
301,62.5,282.0,1,0.29
302,61.7,29.0,1,0.14
303,62.0,312.0,1,0.17
304,77.0,186.0,8,0.0
305,74.0,189.0,8,3.62
306,71.0,192.0,8,3.78
307,69.8,194.0,8,3.89
308,69.3,198.0,9,3.93
309,68.7,22.0,9,3.95
310,68.0,27.0,10,3.87
311,67.4,211.0,10,3.77
312,66.8,216.0,11,3.47
313,66.2,219.0,11,3.23
314,65.7,222.0,12,2.86
315,65.1,226.0,12,2.66
316,64.5,23.0,13,2.37
317,63.9,234.0,14,2.26
318,63.3,238.0,14,2.2
319,62.6,243.0,15,2.32
320,77.4,88.0,0,0.0
321,77.2,89.0,0,4.03
322,77.0,9.0,0,4.12
323,76.8,92.0,0,4.61
324,76.9,92.0,0,4.64
325,76.4,94.0,0,4.54
326,76.1,97.0,0,4.75
327,76.0,98.0,0,5.13
328,75.4,16.0,0,5.16
329,75.7,1.0,0,4.82
330,75.0,12.0,0,4.56
331,75.5,99.0,0,4.25
332,75.2,12.0,0,4.14
333,75.4,11.0,0,3.84
334,74.9,113.0,0,3.85
335,74.6,116.0,0,3.64
336,65.7,256.0,2,0.0
337,65.1,268.0,2,0.01
338,64.2,286.0,2,0.01
339,63.4,3.0,2,0.01
340,62.2,325.0,2,5.76
341,61.1,349.0,2,5.99
342,59.2,393.0,2,5.01
343,57.5,427.0,2,6.56
344,56.9,436.0,2,6.21
345,54.8,491.0,2,6.45
346,51.7,566.0,2,6.37
347,48.1,652.0,2,4.9
348,46.4,693.0,2,5.51
349,46.0,699.0,2,6.41
350,46.7,679.0,2,5.48
351,47.8,647.0,2,5.37
352,75.0,142.0,42,0.0
353,74.8,144.0,44,7.32
354,74.7,146.0,46,7.24
355,74.5,148.0,49,7.55
356,74.1,152.0,51,7.58
357,73.8,154.0,54,7.52
358,73.6,157.0,57,7.33
359,73.4,158.0,61,7.21
360,73.3,159.0,65,7.19
361,73.0,161.0,70,7.1
362,72.7,163.0,75,6.97
363,72.0,17.0,81,6.85
364,71.8,172.0,88,6.95
365,71.4,176.0,95,7.0
366,71.0,179.0,103,7.13
367,75.0,183.0,111,7.26
368,77.7,78.0,0,0.0
369,77.6,8.0,0,0.01
370,77.1,84.0,0,0.01
371,78.3,79.0,0,0.01
372,77.4,79.0,0,0.97
373,76.9,79.0,0,0.88
374,76.8,88.0,0,0.25
375,77.2,84.0,0,0.67
376,76.0,1.0,0,0.85
377,76.3,93.0,0,0.67
378,76.2,92.0,0,0.16
379,76.4,89.0,0,0.11
380,76.0,89.0,0,0.12
381,74.8,95.0,0,0.13
382,74.7,19.0,0,0.47
383,74.4,16.0,0,0.37
384,74.5,137.0,0,0.0
385,74.3,138.0,1,12.03
386,74.1,14.0,1,12.06
387,73.9,139.0,1,10.99
388,73.7,144.0,1,10.67
389,73.4,147.0,1,10.8
390,73.2,152.0,1,10.93
391,72.9,155.0,1,10.98
392,72.6,157.0,1,10.89
393,72.2,161.0,1,10.39
394,72.1,16.0,1,10.48
395,72.2,157.0,1,10.96
396,72.0,155.0,1,11.19
397,71.8,157.0,1,10.2
398,71.6,16.0,1,10.72
399,71.1,163.0,1,9.69
400,59.9,26.0,38,0.0
401,59.3,268.0,39,0.01
402,59.0,27.0,40,4.64
403,58.6,271.0,41,4.75
404,58.1,275.0,42,4.51
405,57.5,279.0,43,4.55
406,56.9,283.0,44,4.55
407,56.1,288.0,45,4.5
408,55.3,293.0,46,4.58
409,54.3,32.0,47,4.73
410,53.3,313.0,48,4.88
411,52.4,323.0,49,4.54
412,51.6,332.0,49,4.58
413,51.0,338.0,49,4.53
414,56.0,344.0,48,4.56
415,51.0,348.0,48,3.71
416,59.6,288.0,21,0.0
417,59.1,297.0,22,0.01
418,58.6,33.0,22,0.01
419,58.0,312.0,22,0.01
420,57.4,321.0,22,4.16
421,56.8,33.0,23,4.16
422,56.2,338.0,23,4.05
423,55.3,35.0,23,4.33
424,54.8,355.0,24,4.54
425,54.1,361.0,24,4.5
426,53.4,369.0,24,5.54
427,52.6,378.0,24,5.72
428,51.9,387.0,24,5.84
429,51.5,387.0,24,5.98
430,51.3,385.0,25,6.09
431,58.0,386.0,25,6.61
432,53.3,397.0,57,0.0
433,52.8,47.0,58,0.01
434,52.3,412.0,59,3.15
435,52.0,415.0,59,3.24
436,51.7,419.0,60,3.13
437,51.5,417.0,60,3.15
438,51.0,426.0,60,2.92
439,54.0,437.0,60,2.69
440,49.9,443.0,61,2.58
441,49.4,452.0,62,2.65
442,48.7,466.0,63,3.11
443,48.2,472.0,64,3.08
444,48.0,473.0,64,3.12
445,47.7,473.0,65,3.13
446,47.8,467.0,65,3.15
447,47.9,461.0,67,3.45
448,73.3,114.0,0,0.0
449,73.0,117.0,0,0.01
450,72.8,12.0,0,0.01
451,72.7,121.0,0,0.01
452,72.6,122.0,0,5.07
453,72.5,123.0,0,4.75
454,72.4,124.0,0,4.45
455,72.4,124.0,0,4.16
456,72.3,126.0,0,5.28
457,72.1,129.0,0,4.25
458,71.8,134.0,0,4.26
459,71.4,14.0,0,4.19
460,71.1,144.0,0,4.16
461,77.0,148.0,0,3.82
462,73.0,152.0,0,3.81
463,69.9,155.0,0,3.49
464,68.7,174.0,10,0.0
465,68.3,179.0,11,0.01
466,67.8,183.0,11,0.01
467,67.4,186.0,12,0.01
468,67.0,19.0,13,2.12
469,66.6,192.0,14,2.2
470,66.1,195.0,15,2.13
471,65.6,199.0,16,2.24
472,65.0,24.0,16,2.08
473,64.1,216.0,17,2.03
474,62.9,234.0,18,1.99
475,61.5,253.0,19,1.38
476,63.0,268.0,21,1.44
477,59.3,273.0,23,1.43
478,58.5,273.0,25,1.71
479,57.7,274.0,27,1.51
480,57.3,357.0,45,0.0
481,56.7,366.0,47,0.01
482,56.4,364.0,48,0.01
483,55.9,369.0,50,0.01
484,55.6,371.0,51,6.19
485,55.3,37.0,53,6.15
486,54.8,373.0,54,5.89
487,54.2,382.0,56,5.9
488,53.6,395.0,57,5.44
489,53.3,394.0,58,5.22
490,52.8,4.0,58,5.03
491,52.1,412.0,59,4.71
492,51.8,412.0,60,4.64
493,51.6,47.0,60,4.58
494,51.5,41.0,61,4.43
495,51.4,394.0,62,3.91
496,82.2,64.0,2,0.0
497,82.0,65.0,2,8.1
498,81.8,67.0,2,8.2
499,81.6,68.0,2,8.3
500,81.5,68.0,2,8.2
501,81.2,7.0,2,8.4
502,81.0,72.0,2,8.4
503,87.0,74.0,2,8.3
504,85.0,74.0,2,8.3
505,85.0,75.0,2,8.2
506,81.0,76.0,2,8.0
507,80.0,77.0,2,7.8
508,79.7,78.0,2,7.7
509,79.5,79.0,2,7.7
510,79.4,8.0,2,7.6
511,79.1,82.0,2,7.6
512,52.5,397.0,15,0.0
513,58.0,437.0,15,0.01
514,49.9,451.0,16,0.01
515,53.0,439.0,16,0.01
516,49.8,443.0,16,1.66
517,49.2,446.0,17,1.67
518,48.6,453.0,17,1.56
519,47.6,477.0,17,1.52
520,46.8,495.0,17,1.5
521,46.3,56.0,17,1.54
522,45.9,511.0,17,1.5
523,45.7,512.0,17,1.5
524,45.7,51.0,17,1.49
525,45.6,58.0,17,1.47
526,45.6,54.0,17,1.52
527,46.0,49.0,16,1.51
528,53.1,356.0,46,0.0
529,52.6,362.0,46,0.01
530,52.2,366.0,46,0.64
531,51.8,367.0,46,0.62
532,51.6,365.0,46,0.56
533,51.2,364.0,46,0.5
534,57.0,37.0,46,0.47
535,49.6,394.0,46,0.45
536,49.4,394.0,46,0.42
537,48.5,414.0,45,0.41
538,48.6,46.0,45,0.42
539,48.5,45.0,44,0.34
540,48.4,43.0,44,0.42
541,48.1,43.0,43,0.36
542,48.0,4.0,42,0.3
543,47.6,44.0,41,0.25
544,85.0,82.0,2,0.0
545,83.0,83.0,2,7.16
546,81.0,84.0,2,7.2
547,79.9,84.0,2,6.76
548,79.8,86.0,2,7.26
549,79.1,89.0,2,7.93
550,79.3,91.0,2,7.67
551,79.6,88.0,2,7.31
552,78.9,9.0,2,7.39
553,78.9,91.0,2,7.33
554,78.4,93.0,2,7.57
555,78.0,97.0,2,6.32
556,77.9,1.0,2,6.37
557,77.8,11.0,2,6.06
558,77.3,16.0,2,6.1
559,77.3,13.0,2,6.24
560,76.1,85.0,157,0.0
561,75.8,86.0,171,5.78
562,75.6,88.0,185,5.79
563,75.4,89.0,201,5.74
564,75.2,91.0,215,5.63
565,75.0,92.0,231,5.75
566,74.9,93.0,248,4.88
567,74.5,97.0,266,4.27
568,74.4,96.0,285,3.88
569,74.2,98.0,307,3.28
570,73.9,99.0,332,2.92
571,73.5,11.0,360,3.04
572,73.1,13.0,391,2.96
573,72.7,16.0,422,2.91
574,72.2,11.0,457,2.84
575,71.7,115.0,490,3.06
576,74.8,143.0,10,0.0
577,74.6,144.0,11,4.38
578,74.4,145.0,11,4.41
579,74.3,143.0,11,4.44
580,74.2,144.0,12,4.37
581,73.6,15.0,12,4.28
582,73.6,15.0,13,4.34
583,73.5,146.0,14,4.45
584,73.5,144.0,14,4.66
585,73.1,147.0,15,4.53
586,73.1,144.0,15,4.38
587,72.8,148.0,16,4.26
588,72.4,15.0,16,4.25
589,71.8,163.0,17,4.45
590,71.5,165.0,17,4.43
591,71.4,167.0,18,4.66
592,63.5,227.0,1,0.0
593,63.2,23.0,1,0.01
594,62.9,233.0,1,0.01
595,62.5,237.0,2,0.01
596,62.2,241.0,2,0.12
597,61.8,246.0,2,0.15
598,61.3,251.0,2,0.17
599,61.0,255.0,2,0.12
600,66.0,259.0,2,0.16
601,63.0,262.0,2,0.25
602,60.0,266.0,2,0.24
603,59.8,269.0,2,0.27
604,59.6,271.0,2,0.26
605,59.5,271.0,2,0.08
606,59.5,272.0,1,0.08
607,59.5,272.0,1,0.09
608,64.7,267.0,7,0.0
609,64.2,275.0,7,0.01
610,63.9,274.0,7,0.01
611,63.7,273.0,7,0.01
612,62.9,285.0,7,3.82
613,62.0,298.0,7,3.53
614,68.0,314.0,7,3.47
615,59.4,338.0,8,2.58
616,58.2,354.0,8,2.75
617,56.9,368.0,8,2.25
618,55.3,394.0,8,2.03
619,54.1,48.0,9,2.58
620,53.2,417.0,9,2.45
621,52.6,424.0,9,2.55
622,52.7,419.0,9,2.3
623,52.9,416.0,9,2.26
624,0.0,0.0,0,0.01
625,79.6,95.0,1,0.0
626,79.5,96.0,1,3.45
627,79.4,96.0,1,3.42
628,79.2,97.0,1,3.34
629,79.0,98.0,1,3.41
630,78.1,16.0,1,3.58
631,79.2,96.0,1,4.07
632,78.9,99.0,1,4.22
633,78.9,93.0,1,4.2
634,78.0,16.0,1,4.15
635,78.6,97.0,1,4.1
636,77.7,12.0,1,4.09
637,78.0,1.0,1,4.04
638,78.3,99.0,1,4.17
639,77.5,1.0,1,4.29
640,77.6,98.0,1,4.34
641,78.0,95.0,0,0.0
642,77.8,97.0,0,12.14
643,77.7,97.0,0,12.39
644,77.1,14.0,0,11.49
645,77.0,14.0,0,12.19
646,76.6,16.0,0,12.1
647,76.3,19.0,0,12.21
648,76.0,116.0,0,12.06
649,75.8,114.0,0,12.56
650,75.9,113.0,0,11.83
651,75.2,116.0,0,11.59
652,75.4,114.0,0,13.11
653,74.7,122.0,0,13.78
654,74.8,124.0,0,13.39
655,74.9,126.0,0,13.15
656,74.7,127.0,0,12.73
657,79.1,92.0,1,0.0
658,79.0,93.0,1,4.37
659,78.7,96.0,1,4.18
660,78.7,96.0,1,4.16
661,78.8,92.0,1,4.14
662,78.0,98.0,1,4.13
663,78.1,11.0,1,4.01
664,77.9,12.0,1,4.26
665,78.1,14.0,1,4.13
666,78.0,14.0,1,4.17
667,77.2,19.0,1,4.48
668,77.3,17.0,1,4.38
669,77.4,18.0,1,4.39
670,77.7,19.0,1,4.1
671,76.7,115.0,1,4.04
672,76.9,115.0,1,3.92
673,85.0,52.0,0,0.0
674,83.0,53.0,0,0.01
675,81.0,54.0,0,9.04
676,80.0,56.0,0,10.55
677,79.7,57.0,0,10.69
678,79.5,59.0,0,11.32
679,79.3,6.0,0,10.8
680,79.1,62.0,0,12.01
681,78.9,63.0,0,11.56
682,78.8,64.0,0,11.47
683,78.7,65.0,0,11.41
684,78.6,65.0,0,13.03
685,78.5,66.0,0,10.62
686,78.4,68.0,0,11.68
687,78.2,69.0,0,10.16
688,78.1,7.0,0,9.56
689,78.8,86.0,0,0.0
690,78.6,88.0,0,12.68
691,78.2,9.0,0,12.45
692,78.0,93.0,0,12.71
693,77.8,97.0,0,12.43
694,77.5,99.0,0,12.69
695,77.1,12.0,0,13.23
696,77.0,16.0,0,13.25
697,76.8,17.0,0,13.43
698,76.5,19.0,0,13.03
699,75.9,114.0,0,13.19
700,75.8,116.0,0,13.24
701,75.2,122.0,0,13.01
702,75.3,12.0,0,13.47
703,75.1,123.0,0,13.36
704,74.7,126.0,0,13.22
705,76.0,139.0,6,0.0
706,73.0,142.0,6,0.01
707,71.0,146.0,6,3.35
708,69.8,149.0,7,3.61
709,69.4,153.0,8,3.39
710,69.0,157.0,8,3.12
711,68.7,161.0,9,3.35
712,68.6,164.0,9,3.16
713,68.5,166.0,9,3.13
714,68.5,165.0,10,3.28
715,68.5,165.0,10,3.21
716,68.4,165.0,11,3.13
717,68.1,165.0,12,3.13
718,67.6,167.0,14,3.08
719,66.6,177.0,16,2.53
720,65.4,192.0,18,3.52
721,59.8,258.0,236,0.0
722,59.3,266.0,237,0.01
723,58.8,272.0,238,0.01
724,58.3,277.0,239,0.01
725,57.9,278.0,239,1.82
726,57.4,283.0,239,1.81
727,56.7,292.0,238,2.13
728,56.3,295.0,237,2.09
729,55.7,299.0,236,1.52
730,55.0,36.0,235,1.53
731,54.3,314.0,233,1.43
732,53.5,323.0,232,1.44
733,52.8,332.0,231,1.83
734,52.1,341.0,229,1.85
735,51.8,34.0,227,1.9
736,51.3,346.0,226,1.98
737,86.0,71.0,0,0.0
738,84.0,73.0,0,9.64
739,81.0,75.0,0,9.5
740,80.0,76.0,0,9.26
741,79.7,79.0,0,10.47
742,79.2,84.0,0,10.28
743,78.9,86.0,0,10.08
744,78.8,88.0,0,10.7
745,78.4,93.0,0,10.99
746,78.1,93.0,0,11.02
747,78.1,92.0,0,11.28
748,77.7,98.0,0,11.27
749,77.3,11.0,0,11.54
750,77.0,14.0,0,11.34
751,77.0,12.0,0,11.56
752,76.9,12.0,0,11.69
753,63.5,241.0,1,0.0
754,63.0,252.0,1,0.38
755,62.7,256.0,1,0.53
756,62.2,263.0,1,0.52
757,61.8,268.0,1,0.39
758,61.3,273.0,1,0.44
759,69.0,279.0,1,0.49
760,62.0,289.0,1,0.49
761,59.8,296.0,1,0.45
762,59.1,39.0,2,1.02
763,58.6,318.0,2,1.23
764,58.1,326.0,2,1.18
765,58.0,325.0,2,1.02
766,57.9,322.0,2,1.03
767,57.7,323.0,2,0.95
768,57.4,325.0,2,1.34
769,0.0,0.0,0,0.01
770,73.9,152.0,6,0.0
771,73.6,154.0,6,5.92
772,73.4,157.0,6,5.93
773,72.1,174.0,6,5.93
774,73.1,16.0,6,5.91
775,72.7,166.0,6,6.02
776,73.6,157.0,6,6.05
777,73.3,161.0,6,6.12
778,72.9,164.0,6,6.05
779,72.3,178.0,7,6.2
780,69.7,28.0,7,5.71
781,69.3,214.0,7,5.16
782,73.0,22.0,7,6.32
783,71.4,189.0,7,6.43
784,71.2,188.0,7,6.13
785,72.0,176.0,7,6.58
786,76.2,118.0,6,0.0
787,76.0,121.0,6,3.82
788,76.0,121.0,6,3.77
789,75.5,127.0,7,3.92
790,75.3,131.0,7,3.99
791,75.0,134.0,7,3.95
792,75.1,137.0,7,3.87
793,74.6,139.0,7,3.76
794,74.7,14.0,7,3.63
795,74.4,144.0,8,3.52
796,74.2,151.0,8,3.54
797,74.4,148.0,8,3.65
798,74.4,151.0,8,3.69
799,73.6,157.0,8,3.88
800,73.4,158.0,9,4.13
801,72.8,163.0,9,3.99
802,79.0,159.0,51,0.0
803,78.0,161.0,53,0.21
804,79.0,159.0,54,0.21
805,72.0,165.0,54,0.23
806,74.0,168.0,55,0.22
807,70.0,173.0,54,0.22
808,69.9,174.0,54,0.21
809,69.8,172.0,54,0.24
810,69.7,171.0,55,0.21
811,69.5,175.0,55,0.18
812,69.4,174.0,56,0.16
813,69.0,176.0,57,0.16
814,68.6,178.0,59,0.15
815,68.7,177.0,61,0.15
816,68.6,177.0,63,0.14
817,68.8,171.0,65,0.14
818,73.5,178.0,2,0.0
819,73.3,181.0,2,2.52
820,73.0,184.0,2,2.42
821,73.0,181.0,2,2.48
822,72.0,197.0,2,2.37
823,72.0,191.0,2,2.36
824,71.4,23.0,2,2.55
825,71.7,194.0,2,2.68
826,71.2,23.0,2,2.83
827,75.0,211.0,3,2.77
828,71.0,213.0,3,2.77
829,70.0,215.0,3,2.9
830,69.9,29.0,3,3.1
831,73.0,24.0,3,2.97
832,68.9,219.0,4,2.88
833,69.0,218.0,4,2.79
834,58.2,32.0,3,0.0
835,57.9,32.0,3,0.01
836,57.4,327.0,3,10.72
837,56.7,337.0,3,11.89
838,56.2,344.0,3,10.99
839,56.1,339.0,3,9.93
840,55.7,34.0,3,7.97
841,55.4,338.0,3,8.34
842,55.0,339.0,3,6.86
843,54.8,337.0,3,7.28
844,54.4,337.0,3,7.19
845,54.1,336.0,3,6.28
846,53.8,334.0,3,7.13
847,53.5,334.0,3,6.01
848,53.1,334.0,3,5.07
849,52.7,336.0,3,4.46
850,64.7,255.0,5,0.0
851,64.4,261.0,5,0.01
852,64.0,266.0,6,0.01
853,63.6,274.0,6,0.01
854,62.9,286.0,6,0.62
855,62.1,298.0,6,0.61
856,61.4,311.0,6,0.63
857,67.0,322.0,6,0.49
858,62.0,329.0,6,1.23
859,59.7,336.0,7,0.97
860,59.4,34.0,7,1.07
861,59.1,342.0,7,0.64
862,58.8,343.0,7,0.56
863,58.5,343.0,7,0.83
864,58.1,345.0,7,0.61
865,45.3,593.0,7,0.83
866,77.6,119.0,0,0.0
867,77.3,122.0,0,0.01
868,76.9,127.0,0,0.01
869,76.3,135.0,0,0.01
870,76.1,138.0,0,0.01
871,75.6,137.0,0,14.97
872,74.9,156.0,0,15.04
873,74.2,167.0,0,16.99
874,73.0,189.0,0,17.87
875,73.0,188.0,0,16.58
876,72.8,189.0,0,15.52
877,72.3,195.0,0,15.07
878,71.9,199.0,0,11.64
879,71.2,211.0,0,11.48
880,78.0,225.0,0,0.01
881,78.0,218.0,0,0.01
882,64.8,225.0,136,0.0
883,64.2,234.0,140,0.01
884,63.7,237.0,145,1.86
885,63.3,241.0,150,1.84
886,62.6,249.0,156,1.32
887,61.8,261.0,162,1.34
888,68.0,274.0,169,1.17
889,59.8,289.0,177,1.13
890,58.5,39.0,186,1.06
891,57.2,328.0,196,1.22
892,56.0,343.0,206,0.99
893,55.0,354.0,217,0.86
894,54.0,363.0,228,0.79
895,53.2,369.0,237,0.8
896,52.5,372.0,246,0.85
897,51.2,391.0,253,0.88
898,69.9,188.0,0,0.0
899,69.7,19.0,0,0.01
900,69.6,192.0,0,0.01
901,69.4,195.0,0,0.01
902,69.2,197.0,0,0.01
903,69.1,2.0,0,2.25
904,68.9,23.0,0,2.31
905,68.7,26.0,0,1.95
906,68.6,29.0,0,2.09
907,68.5,211.0,0,2.06
908,68.3,214.0,0,2.02
909,68.1,218.0,0,1.63
910,68.0,22.0,0,1.76
911,67.9,22.0,0,1.85
912,67.8,221.0,0,1.93
913,67.7,221.0,0,2.05
914,81.1,76.0,0,0.0
915,89.0,78.0,0,8.8
916,87.0,79.0,0,8.97
917,84.0,82.0,0,9.24
918,83.0,86.0,0,9.81
919,79.9,89.0,0,9.72
920,79.7,91.0,0,9.96
921,79.6,94.0,0,10.26
922,79.3,96.0,0,10.45
923,79.2,96.0,0,10.15
924,78.9,11.0,0,9.95
925,78.7,12.0,0,9.89
926,78.4,98.0,0,9.31
927,78.1,98.0,0,9.25
928,78.0,1.0,0,8.94
929,77.5,15.0,0,8.59
930,82.4,78.0,2,0.0
931,82.2,79.0,3,11.5
932,82.0,81.0,3,11.1
933,81.5,83.0,3,11.5
934,81.7,83.0,3,11.8
935,81.3,86.0,3,11.7
936,81.1,88.0,3,11.8
937,89.0,88.0,3,11.9
938,89.0,89.0,3,12.2
939,86.0,92.0,3,12.4
940,81.0,93.0,3,12.2
941,82.0,94.0,3,13.18
942,79.3,99.0,3,13.49
943,79.2,11.0,3,13.78
944,79.0,13.0,3,13.89
945,78.8,13.0,3,13.63
946,66.0,229.0,2,0.0
947,65.5,237.0,2,0.01
948,64.6,255.0,2,8.86
949,63.5,276.0,2,8.3
950,62.8,289.0,2,8.9
951,62.3,294.0,2,8.85
952,61.7,31.0,2,8.64
953,61.6,298.0,2,8.75
954,61.6,291.0,2,9.02
955,61.4,288.0,2,8.01
956,65.0,37.0,2,7.72
957,59.7,322.0,2,8.13
958,59.7,32.0,2,6.47
959,59.7,315.0,2,8.34
960,59.8,37.0,2,9.29
961,61.0,296.0,2,8.87
962,61.1,262.0,3,0.0
963,68.0,266.0,3,0.01
964,66.0,266.0,3,0.01
965,62.0,269.0,3,0.01
966,59.8,277.0,3,3.41
967,59.3,284.0,3,3.48
968,59.0,286.0,3,2.99
969,58.7,287.0,3,2.79
970,58.5,288.0,3,2.64
971,58.2,288.0,3,2.93
972,57.7,294.0,3,2.26
973,57.3,296.0,3,2.51
974,57.0,297.0,3,2.47
975,56.6,298.0,3,2.08
976,56.3,3.0,3,2.25
977,55.9,33.0,3,2.18
978,74.4,129.0,1,0.0
979,74.5,125.0,1,6.13
980,74.5,128.0,1,5.91
981,74.2,13.0,1,7.71
982,73.9,127.0,1,8.14
983,73.8,132.0,1,7.24
984,73.2,133.0,1,6.66
985,73.9,128.0,1,7.17
986,74.4,12.0,1,8.65
987,73.9,126.0,1,6.18
988,73.9,128.0,1,4.7
989,72.3,134.0,1,3.74
990,72.7,132.0,1,3.36
991,71.7,142.0,2,2.72
992,73.0,121.0,2,2.76
993,71.8,129.0,2,3.28
994,81.0,68.0,2,0.0
995,89.0,69.0,2,11.03
996,86.0,71.0,2,10.94
997,86.0,71.0,2,11.18
998,85.0,74.0,2,11.2
999,81.0,76.0,2,11.2
1000,80.0,79.0,2,11.22
1001,79.9,8.0,2,11.36
1002,79.8,82.0,3,11.5
1003,79.6,84.0,3,11.76
1004,79.2,85.0,3,11.67
1005,79.1,86.0,3,11.83
1006,78.5,9.0,3,11.92
1007,78.4,91.0,3,12.25
1008,78.3,92.0,3,12.46
1009,78.0,95.0,3,12.91
1010,62.4,249.0,37,0.0
1011,62.1,253.0,37,0.01
1012,61.9,254.0,38,0.01
1013,61.6,257.0,39,0.01
1014,61.2,263.0,40,1.64
1015,69.0,267.0,40,1.69
1016,66.0,271.0,41,1.76
1017,63.0,275.0,41,1.78
1018,59.9,28.0,41,1.25
1019,59.4,288.0,41,1.7
1020,58.9,296.0,41,1.5
1021,58.3,34.0,41,1.46
1022,57.9,38.0,41,1.53
1023,57.6,31.0,42,1.6
1024,57.4,39.0,42,1.49
1025,57.2,38.0,43,1.6
1026,81.0,72.0,0,0.0
1027,88.0,73.0,0,7.53
1028,86.0,74.0,0,7.46
1029,84.0,76.0,0,8.2
1030,85.0,76.0,0,8.02
1031,83.0,76.0,0,9.0
1032,80.0,78.0,0,9.08
1033,79.9,77.0,0,9.51
1034,79.4,8.0,0,9.67
1035,79.7,77.0,0,9.42
1036,79.3,81.0,0,9.95
1037,79.2,81.0,0,9.56
1038,79.1,81.0,0,9.46
1039,79.0,81.0,1,8.09
1040,78.7,83.0,1,8.62
1041,78.2,84.0,1,8.48
1042,73.6,142.0,0,0.0
1043,73.5,143.0,0,8.42
1044,73.3,144.0,0,8.25
1045,73.1,146.0,0,8.07
1046,72.9,15.0,0,7.84
1047,72.6,154.0,0,7.91
1048,72.4,158.0,0,8.42
1049,72.1,162.0,0,8.92
1050,71.9,164.0,0,9.06
1051,71.7,167.0,0,9.06
1052,71.5,169.0,0,8.8
1053,73.0,187.0,0,8.43
1054,71.1,173.0,0,9.75
1055,79.0,176.0,0,10.71
1056,77.0,178.0,0,9.61
1057,74.0,182.0,0,9.4
1058,71.9,186.0,10,0.0
1059,71.7,187.0,10,1.88
1060,71.4,189.0,11,1.93
1061,71.3,189.0,11,2.02
1062,71.1,193.0,11,2.16
1063,77.0,196.0,12,2.14
1064,76.0,198.0,12,2.14
1065,79.0,19.0,13,2.21
1066,75.0,192.0,13,2.4
1067,69.7,24.0,14,2.38
1068,69.2,28.0,14,2.35
1069,69.6,21.0,15,2.4
1070,69.4,24.0,15,2.45
1071,69.3,21.0,16,2.41
1072,68.4,211.0,16,2.53
1073,67.7,221.0,17,2.63
1074,59.0,284.0,26,0.0
1075,58.1,299.0,27,0.01
1076,58.8,284.0,27,0.01
1077,58.4,288.0,28,0.01
1078,58.1,29.0,28,0.22
1079,57.8,291.0,29,0.2
1080,57.3,297.0,29,0.18
1081,56.8,33.0,30,0.21
1082,56.4,36.0,31,0.19
1083,55.6,317.0,31,0.16
1084,54.7,327.0,32,0.21
1085,54.0,334.0,33,0.34
1086,53.3,338.0,34,0.18
1087,52.9,337.0,35,0.21
1088,52.5,336.0,36,0.17
1089,52.5,328.0,37,0.17
1090,58.9,275.0,4,0.0
1091,58.4,282.0,4,0.01
1092,58.1,279.0,4,0.01
1093,57.6,285.0,4,0.01
1094,57.1,289.0,4,3.57
1095,56.7,287.0,4,3.21
1096,56.3,288.0,4,2.55
1097,55.6,297.0,5,2.64
1098,55.0,32.0,5,2.98
1099,54.4,36.0,5,3.22
1100,53.9,37.0,5,3.1
1101,53.5,38.0,5,2.58
1102,53.0,38.0,5,2.16
1103,52.8,35.0,5,2.47
1104,52.5,32.0,5,2.55
1105,52.1,3.0,5,2.84
1106,66.2,215.0,0,0.0
1107,66.0,217.0,0,7.64
1108,65.9,218.0,0,7.56
1109,65.8,22.0,0,7.57
1110,65.6,229.0,0,7.56
1111,65.9,221.0,0,7.52
1112,66.1,218.0,0,7.49
1113,66.3,218.0,1,7.32
1114,65.7,232.0,1,7.2
1115,65.2,24.0,1,7.04
1116,65.0,238.0,1,7.35
1117,65.1,237.0,1,7.84
1118,65.3,237.0,1,7.93
1119,65.3,244.0,1,7.73
1120,65.4,247.0,1,6.71
1121,65.4,246.0,1,6.63
1122,63.5,24.0,14,0.0
1123,63.1,245.0,14,0.01
1124,62.7,253.0,14,5.68
1125,62.3,259.0,15,5.68
1126,62.3,259.0,15,5.68
1127,36.3,682.0,23,5.76
1128,62.5,251.0,16,5.85
1129,62.1,259.0,16,5.95
1130,61.8,266.0,17,6.08
1131,61.1,28.0,17,6.18
1132,65.0,29.0,17,5.57
1133,58.7,32.0,18,6.1
1134,59.7,3.0,18,6.64
1135,59.3,33.0,19,6.1
1136,58.9,35.0,19,6.22
1137,58.6,35.0,20,4.79
1138,74.6,147.0,3,0.0
1139,74.5,149.0,3,2.87
1140,74.3,15.0,4,3.11
1141,74.1,151.0,4,3.11
1142,73.9,153.0,4,3.1
1143,73.6,156.0,4,3.1
1144,73.4,157.0,4,3.08
1145,73.2,159.0,4,3.14
1146,73.0,16.0,5,3.16
1147,72.8,161.0,5,3.23
1148,72.5,163.0,5,3.23
1149,72.2,165.0,5,3.02
1150,71.9,166.0,6,3.04
1151,71.6,169.0,6,3.09
1152,71.3,171.0,6,2.74
1153,71.0,174.0,6,2.61
1154,75.8,134.0,0,0.0
1155,75.6,137.0,0,0.01
1156,75.5,139.0,0,10.88
1157,75.0,146.0,0,11.27
1158,74.8,15.0,0,11.51
1159,74.5,156.0,0,10.78
1160,74.2,162.0,0,11.46
1161,74.1,165.0,1,11.64
1162,73.5,176.0,1,12.55
1163,73.4,177.0,1,13.16
1164,72.9,182.0,1,12.94
1165,72.9,18.0,1,13.28
1166,72.5,184.0,1,13.24
1167,72.5,184.0,1,13.29
1168,72.3,185.0,1,13.18
1169,71.7,193.0,1,12.22
1170,82.7,49.0,0,0.0
1171,82.5,49.0,0,7.45
1172,82.4,5.0,0,7.31
1173,82.5,5.0,0,7.81
1174,82.1,51.0,0,8.13
1175,81.8,53.0,0,8.25
1176,81.6,55.0,0,10.22
1177,81.4,58.0,0,8.49
1178,81.3,59.0,0,7.53
1179,81.1,61.0,0,7.2
1180,81.0,62.0,0,7.05
1181,88.0,65.0,0,6.79
1182,87.0,65.0,0,6.61
1183,84.0,7.0,0,6.61
1184,80.0,72.0,0,6.37
1185,79.7,74.0,0,6.17
1186,68.3,181.0,910,0.0
1187,68.0,184.0,957,3.07
1188,67.6,187.0,1000,3.11
1189,67.3,19.0,1100,3.1
1190,66.8,193.0,1100,3.0
1191,66.4,196.0,1200,2.77
1192,66.0,2.0,1300,2.5
1193,65.5,23.0,1300,1.93
1194,65.2,26.0,1400,1.59
1195,64.8,28.0,1500,1.37
1196,64.4,211.0,1500,1.27
1197,64.0,214.0,1600,1.2
1198,63.7,216.0,1700,1.19
1199,63.3,219.0,1700,1.1
1200,62.9,222.0,1800,1.0
1201,62.5,224.0,1800,0.93
1202,69.1,176.0,114,0.0
1203,68.9,179.0,119,0.09
1204,68.7,181.0,124,0.09
1205,68.5,183.0,129,0.08
1206,68.3,185.0,134,0.08
1207,68.1,187.0,138,0.08
1208,67.9,189.0,143,0.08
1209,67.7,189.0,149,0.07
1210,67.5,19.0,154,0.06
1211,67.3,191.0,159,0.06
1212,67.2,19.0,163,0.06
1213,65.3,213.0,174,0.06
1214,66.9,189.0,173,0.05
1215,66.7,189.0,177,0.05
1216,66.5,188.0,182,0.06
1217,66.3,188.0,187,0.06
1218,75.5,83.0,18,0.0
1219,75.4,83.0,19,0.01
1220,75.3,83.0,20,0.01
1221,75.1,85.0,21,0.01
1222,74.7,93.0,22,0.03
1223,74.1,16.0,22,0.03
1224,73.3,122.0,23,0.03
1225,72.7,135.0,24,0.02
1226,72.4,138.0,25,0.02
1227,72.2,139.0,26,0.02
1228,72.0,139.0,27,0.01
1229,71.8,139.0,28,0.01
1230,75.0,154.0,29,0.01
1231,71.2,142.0,31,0.01
1232,78.0,146.0,33,0.01
1233,73.0,15.0,35,0.01
1234,68.9,182.0,32,0.0
1235,67.9,199.0,32,0.01
1236,69.5,17.0,32,0.01
1237,76.0,147.0,32,0.01
1238,77.0,144.0,32,0.17
1239,76.0,145.0,32,0.19
1240,74.0,148.0,32,0.2
1241,69.3,167.0,32,0.17
1242,65.9,227.0,31,0.14
1243,64.7,249.0,31,0.03
1244,66.8,29.0,31,0.18
1245,67.2,21.0,30,0.32
1246,66.5,213.0,30,0.07
1247,74.0,14.0,30,0.15
1248,72.0,142.0,30,0.17
1249,70.0,144.0,30,0.2
1250,81.4,64.0,0,0.0
1251,81.2,66.0,0,10.75
1252,81.0,67.0,0,10.49
1253,85.0,69.0,0,11.49
1254,84.0,7.0,0,11.72
1255,86.0,68.0,0,11.88
1256,79.7,77.0,0,11.41
1257,79.8,75.0,0,12.66
1258,79.5,75.0,0,13.59
1259,79.0,78.0,0,13.44
1260,78.7,78.0,0,13.31
1261,78.3,82.0,0,13.32
1262,78.0,82.0,0,13.24
1263,77.4,88.0,0,14.17
1264,77.0,89.0,0,14.27
1265,76.4,94.0,0,14.07
1266,82.5,58.0,0,0.0
1267,82.2,6.0,1,2.62
1268,82.1,61.0,1,2.69
1269,81.8,6.0,1,2.78
1270,81.8,61.0,1,2.67
1271,81.7,61.0,1,2.63
1272,81.5,63.0,1,2.55
1273,81.0,65.0,1,2.47
1274,84.0,68.0,1,2.33
1275,84.0,68.0,1,2.23
1276,80.0,71.0,1,2.41
1277,81.0,69.0,1,2.23
1278,79.7,71.0,1,2.32
1279,79.3,74.0,1,2.47
1280,79.3,74.0,1,2.53
1281,78.9,76.0,1,2.53
1282,82.7,56.0,1,0.0
1283,82.5,57.0,2,7.56
1284,82.3,58.0,2,7.35
1285,82.0,6.0,2,7.49
1286,82.0,6.0,2,6.98
1287,81.8,6.0,2,6.95
1288,81.6,61.0,2,7.25
1289,81.5,61.0,2,7.96
1290,81.3,63.0,2,8.37
1291,81.2,65.0,2,8.44
1292,88.0,66.0,2,8.65
1293,89.0,66.0,2,8.98
1294,79.9,72.0,2,9.3
1295,80.0,72.0,2,9.25
1296,79.8,75.0,2,9.69
1297,79.4,77.0,3,9.78
1298,76.2,125.0,1,0.0
1299,75.8,133.0,1,3.83
1300,75.6,136.0,1,3.79
1301,75.3,138.0,1,3.65
1302,75.2,139.0,1,3.58
1303,75.0,138.0,1,3.55
1304,74.7,142.0,1,3.33
1305,74.5,145.0,1,3.51
1306,74.2,148.0,1,3.64
1307,74.0,15.0,1,3.63
1308,73.5,161.0,1,3.59
1309,73.3,165.0,1,3.67
1310,73.1,166.0,1,3.48
1311,73.0,167.0,1,3.76
1312,72.7,171.0,1,3.89
1313,72.6,171.0,1,3.46
1314,83.7,55.0,2,0.0
1315,83.5,57.0,2,0.01
1316,83.5,56.0,2,7.55
1317,83.3,58.0,2,7.39
1318,82.5,64.0,3,7.39
1319,83.0,62.0,3,6.9
1320,83.0,64.0,3,7.09
1321,82.7,66.0,3,7.11
1322,82.6,67.0,3,7.29
1323,82.4,68.0,3,7.49
1324,82.0,69.0,3,7.99
1325,82.1,68.0,3,7.7
1326,81.9,7.0,3,7.83
1327,81.8,7.0,3,7.87
1328,81.5,72.0,4,8.03
1329,81.1,74.0,4,7.97
1330,74.1,112.0,4,0.0
1331,74.0,113.0,4,0.41
1332,73.9,114.0,4,0.4
1333,73.7,115.0,4,0.41
1334,73.6,116.0,4,0.43
1335,73.4,117.0,4,0.51
1336,73.3,118.0,4,0.59
1337,73.1,119.0,4,0.61
1338,73.0,12.0,4,0.6
1339,72.8,121.0,4,0.59
1340,72.4,127.0,4,0.55
1341,72.5,125.0,4,0.54
1342,72.3,127.0,4,0.54
1343,72.1,129.0,4,0.54
1344,71.9,131.0,4,0.55
1345,71.7,133.0,4,0.49
1346,72.0,198.0,4,0.0
1347,69.9,22.0,5,6.29
1348,69.5,28.0,5,6.48
1349,69.1,214.0,6,6.82
1350,68.5,224.0,7,6.63
1351,67.8,236.0,7,6.83
1352,67.8,235.0,7,6.64
1353,66.6,258.0,8,7.6
1354,65.3,288.0,8,7.44
1355,65.0,295.0,8,7.08
1356,64.6,294.0,8,6.94
1357,64.7,287.0,8,6.55
1358,64.4,282.0,8,6.58
1359,64.7,276.0,8,5.99
1360,64.4,284.0,8,5.75
1361,63.9,292.0,9,6.0
1362,63.4,249.0,54,0.0
1363,62.9,255.0,56,0.01
1364,62.6,258.0,58,1.84
1365,62.1,263.0,59,1.81
1366,61.2,278.0,60,1.8
1367,63.0,294.0,61,1.73
1368,59.1,317.0,62,1.86
1369,57.9,339.0,64,1.71
1370,56.8,356.0,66,1.97
1371,55.3,388.0,68,1.76
1372,54.1,412.0,70,1.82
1373,53.0,432.0,72,1.43
1374,52.4,437.0,74,1.49
1375,52.1,437.0,76,1.66
1376,51.9,434.0,77,1.63
1377,51.9,428.0,77,1.51
1378,66.3,198.0,0,0.0
1379,66.1,2.0,0,0.01
1380,65.8,22.0,0,0.01
1381,65.7,24.0,0,0.01
1382,65.5,26.0,0,0.53
1383,65.3,27.0,0,0.48
1384,65.2,28.0,0,0.54
1385,65.1,21.0,0,0.46
1386,65.0,211.0,0,0.68
1387,65.0,212.0,0,0.76
1388,64.9,213.0,0,0.6
1389,64.8,214.0,0,0.48
1390,64.7,215.0,0,0.5
1391,64.6,217.0,0,0.49
1392,64.3,219.0,0,0.6
1393,64.1,222.0,0,0.46
1394,74.7,81.0,0,0.0
1395,74.6,82.0,0,0.01
1396,74.5,83.0,1,0.01
1397,74.3,84.0,1,0.01
1398,74.2,85.0,1,0.02
1399,74.0,86.0,1,0.01
1400,73.9,87.0,1,0.1
1401,73.8,88.0,1,0.03
1402,73.7,89.0,1,0.03
1403,73.6,89.0,1,0.01
1404,73.6,9.0,0,0.01
1405,73.5,91.0,0,0.02
1406,73.4,93.0,0,0.03
1407,73.3,94.0,0,0.01
1408,73.2,95.0,0,0.01
1409,73.2,96.0,0,0.01
1410,71.1,166.0,3,0.0
1411,78.0,17.0,3,0.01
1412,77.0,174.0,3,0.01
1413,69.9,18.0,3,0.01
1414,69.4,188.0,4,3.28
1415,68.8,199.0,4,2.73
1416,68.5,21.0,4,2.39
1417,67.6,217.0,4,2.53
1418,67.2,229.0,4,2.77
1419,66.7,234.0,4,2.48
1420,66.9,224.0,4,2.81
1421,67.1,218.0,4,3.41
1422,66.6,217.0,4,3.52
1423,66.7,215.0,4,3.31
1424,67.2,217.0,4,2.62
1425,66.6,225.0,4,2.13
1426,65.7,194.0,8,0.0
1427,65.3,199.0,8,0.01
1428,64.9,23.0,9,0.01
1429,64.4,28.0,9,0.01
1430,64.0,213.0,9,5.39
1431,63.6,218.0,10,5.95
1432,63.1,223.0,10,5.18
1433,62.6,228.0,10,5.1
1434,62.1,234.0,11,5.0
1435,61.5,24.0,11,3.69
1436,61.0,246.0,11,3.68
1437,64.0,252.0,12,3.53
1438,59.8,259.0,12,3.41
1439,59.3,265.0,13,3.33
1440,58.7,271.0,13,3.13
1441,58.1,278.0,14,5.16
1442,74.6,153.0,0,0.0
1443,74.4,156.0,0,0.01
1444,74.1,161.0,0,10.37
1445,73.8,163.0,0,10.21
1446,73.6,169.0,0,10.14
1447,72.8,18.0,0,9.8
1448,72.6,184.0,0,9.85
1449,71.9,199.0,0,11.84
1450,78.0,221.0,0,12.12
1451,75.0,229.0,0,10.4
1452,76.0,216.0,0,9.92
1453,71.0,26.0,0,8.81
1454,78.0,29.0,0,8.24
1455,73.0,219.0,0,7.44
1456,69.9,228.0,0,6.68
1457,71.0,218.0,0,7.13
1458,74.9,98.0,1,0.0
1459,74.8,99.0,1,1.32
1460,74.9,97.0,1,1.29
1461,75.0,93.0,1,1.53
1462,75.0,93.0,1,1.57
1463,74.9,94.0,1,1.58
1464,74.7,95.0,1,1.62
1465,74.5,98.0,1,1.67
1466,74.4,98.0,1,1.72
1467,74.1,1.0,1,1.82
1468,73.9,11.0,1,1.94
1469,73.7,13.0,1,2.1
1470,73.5,15.0,1,2.19
1471,73.2,17.0,1,1.98
1472,73.0,11.0,1,2.19
1473,72.7,112.0,1,2.26
1474,53.7,484.0,4,0.0
1475,52.1,522.0,4,0.01
1476,52.1,518.0,4,0.01
1477,52.2,513.0,4,0.01
1478,52.3,52.0,4,2.39
1479,51.1,527.0,4,2.71
1480,49.4,566.0,4,2.75
1481,47.8,592.0,5,2.75
1482,46.2,633.0,4,2.69
1483,45.3,654.0,5,2.61
1484,44.5,675.0,5,2.67
1485,44.8,666.0,5,1.8
1486,45.5,648.0,5,1.99
1487,46.4,622.0,5,2.95
1488,47.8,586.0,5,2.86
1489,49.3,543.0,5,3.1
1490,61.4,259.0,8,0.0
1491,58.1,329.0,8,0.01
1492,61.1,258.0,9,0.01
1493,67.0,261.0,9,0.01
1494,62.0,266.0,9,3.72
1495,59.7,272.0,9,3.64
1496,59.2,277.0,10,3.75
1497,58.6,281.0,10,3.88
1498,57.9,286.0,10,4.03
1499,56.7,32.0,11,4.05
1500,55.3,316.0,12,4.19
1501,54.0,329.0,12,4.24
1502,50.0,42.0,13,4.21
1503,56.0,371.0,13,4.27
1504,51.5,333.0,14,4.4
1505,51.9,39.0,14,4.46
1506,72.7,138.0,1,0.0
1507,72.4,143.0,2,0.01
1508,72.9,134.0,2,0.01
1509,72.9,133.0,2,0.01
1510,71.3,161.0,2,0.01
1511,72.8,132.0,2,0.01
1512,72.7,132.0,2,0.01
1513,72.6,132.0,2,0.01
1514,72.5,132.0,2,0.01
1515,72.2,134.0,2,0.01
1516,71.9,138.0,2,0.01
1517,71.5,141.0,2,0.01
1518,71.3,144.0,3,0.01
1519,71.1,146.0,3,0.01
1520,71.0,147.0,3,0.01
1521,78.0,148.0,3,0.01
1522,73.6,165.0,0,0.0
1523,73.4,169.0,0,15.19
1524,73.0,178.0,0,15.04
1525,73.0,176.0,0,15.14
1526,72.8,18.0,0,12.66
1527,72.4,188.0,0,12.9
1528,72.2,192.0,0,12.4
1529,71.1,224.0,0,13.3
1530,72.0,24.0,0,13.4
1531,76.0,229.0,0,12.7
1532,78.0,222.0,0,12.3
1533,71.6,24.0,0,12.1
1534,71.6,22.0,0,11.29
1535,71.4,22.0,0,11.0
1536,71.2,21.0,0,10.2
1537,71.6,2.0,0,9.87
1538,82.0,63.0,0,0.0
1539,81.7,65.0,0,11.12
1540,81.4,68.0,0,11.02
1541,81.1,7.0,0,11.34
1542,88.0,72.0,0,11.5
1543,86.0,73.0,0,11.36
1544,83.0,76.0,0,11.42
1545,80.0,8.0,0,11.53
1546,79.7,82.0,0,11.75
1547,79.4,85.0,0,11.98
1548,78.8,9.0,0,11.84
1549,78.7,92.0,0,12.42
1550,78.6,92.0,0,12.61
1551,78.3,95.0,0,12.91
1552,78.0,96.0,0,12.89
1553,77.8,98.0,0,13.14
1554,65.5,22.0,28,0.0
1555,65.1,225.0,29,0.01
1556,64.7,23.0,29,0.87
1557,64.3,235.0,30,0.87
1558,63.8,241.0,31,0.97
1559,63.3,248.0,32,1.03
1560,62.8,254.0,33,0.91
1561,62.3,259.0,34,0.68
1562,61.9,261.0,35,0.71
1563,61.4,263.0,36,0.68
1564,69.0,265.0,37,0.72
1565,64.0,267.0,38,0.81
1566,59.9,268.0,40,0.93
1567,59.3,271.0,41,0.9
1568,58.7,276.0,42,1.05
1569,57.9,283.0,44,1.16
1570,58.3,365.0,26,0.0
1571,57.6,377.0,27,0.01
1572,56.7,394.0,29,0.01
1573,55.3,42.0,31,0.01
1574,54.1,441.0,32,1.23
1575,52.9,462.0,35,1.08
1576,51.5,491.0,36,1.16
1577,50.0,525.0,36,1.27
1578,48.5,559.0,37,1.18
1579,47.1,587.0,38,1.18
1580,46.0,66.0,39,1.04
1581,45.1,615.0,40,1.11
1582,44.6,613.0,43,1.08
1583,44.0,67.0,46,1.1
1584,43.5,599.0,48,1.15
1585,43.1,588.0,51,1.18
1586,75.0,123.0,4,0.0
1587,74.8,126.0,4,0.52
1588,74.6,128.0,3,0.53
1589,74.5,129.0,3,0.53
1590,74.3,13.0,3,0.51
1591,74.1,131.0,3,0.49
1592,74.0,131.0,3,0.47
1593,73.8,132.0,3,0.47
1594,73.7,133.0,3,0.43
1595,73.6,134.0,3,0.42
1596,73.4,135.0,3,0.46
1597,73.2,137.0,3,0.49
1598,73.1,138.0,3,0.48
1599,72.9,14.0,4,0.49
1600,72.7,144.0,4,0.53
1601,72.4,149.0,4,0.54
1602,78.5,61.0,0,0.0
1603,78.2,62.0,0,0.01
1604,77.9,64.0,0,0.01
1605,77.6,65.0,0,0.01
1606,77.3,67.0,0,1.92
1607,76.7,73.0,0,1.83
1608,76.3,75.0,0,1.59
1609,75.9,81.0,0,1.76
1610,75.4,82.0,0,1.78
1611,75.0,88.0,0,1.62
1612,74.3,93.0,0,1.47
1613,73.4,16.0,0,1.6
1614,72.7,112.0,0,1.75
1615,71.8,124.0,0,1.95
1616,78.0,129.0,0,1.98
1617,69.6,139.0,0,1.83
1618,58.2,266.0,52,0.0
1619,57.8,272.0,52,0.01
1620,57.3,275.0,53,0.01
1621,57.2,27.0,53,0.01
1622,56.8,271.0,54,0.61
1623,56.5,273.0,54,0.6
1624,56.0,276.0,55,0.59
1625,55.5,278.0,55,0.57
1626,55.0,282.0,56,0.55
1627,54.3,288.0,57,0.53
1628,53.6,29.0,57,0.55
1629,52.8,296.0,58,0.49
1630,52.0,299.0,59,0.54
1631,51.2,31.0,60,0.53
1632,55.0,34.0,60,0.51
1633,49.8,37.0,60,0.47
1634,81.7,54.0,0,0.0
1635,81.4,55.0,0,8.49
1636,81.1,57.0,0,8.58
1637,81.0,58.0,0,7.67
1638,87.0,59.0,0,6.91
1639,83.0,62.0,0,7.91
1640,82.0,63.0,0,7.38
1641,80.0,64.0,0,7.14
1642,79.6,65.0,0,7.45
1643,79.3,66.0,0,8.84
1644,79.0,67.0,0,6.41
1645,78.7,69.0,0,6.53
1646,78.5,71.0,0,6.7
1647,78.2,75.0,0,5.73
1648,77.8,79.0,0,5.62
1649,77.5,8.0,0,5.59
1650,0.0,0.0,0,0.01
1651,63.1,25.0,8,0.0
1652,63.0,26.0,8,0.01
1653,62.7,28.0,8,0.01
1654,62.5,29.0,8,0.01
1655,62.2,212.0,8,0.01
1656,62.0,214.0,8,0.01
1657,61.7,215.0,8,0.01
1658,61.4,217.0,8,0.02
1659,61.2,219.0,8,0.02
1660,69.0,221.0,8,0.01
1661,66.0,223.0,8,0.01
1662,64.0,224.0,8,0.01
1663,63.0,226.0,8,0.01
1664,62.0,228.0,7,0.02
1665,61.0,229.0,7,0.01
1666,60.0,23.0,7,0.03
1667,74.6,146.0,0,0.0
1668,74.2,148.0,0,0.01
1669,74.1,147.0,0,0.01
1670,73.9,154.0,0,0.01
1671,73.6,158.0,0,3.03
1672,73.3,163.0,0,2.95
1673,72.8,166.0,0,2.83
1674,72.7,166.0,0,2.49
1675,72.9,161.0,0,3.24
1676,71.8,165.0,0,3.73
1677,72.1,168.0,0,3.94
1678,71.9,168.0,0,4.16
1679,71.5,174.0,0,4.08
1680,71.5,179.0,0,4.14
1681,71.5,177.0,0,4.38
1682,71.0,177.0,0,4.6
1683,76.7,122.0,30,0.0
1684,76.6,122.0,31,5.26
1685,76.6,12.0,32,5.23
1686,76.3,123.0,33,5.29
1687,76.1,124.0,34,5.3
1688,75.6,127.0,35,5.21
1689,75.7,13.0,36,5.27
1690,75.6,127.0,37,5.36
1691,76.0,123.0,38,5.35
1692,75.8,125.0,40,5.11
1693,75.3,126.0,42,4.93
1694,75.4,124.0,44,4.9
1695,75.0,127.0,46,4.88
1696,75.0,127.0,49,4.77
1697,75.0,126.0,52,4.86
1698,74.8,129.0,55,4.99
1699,69.4,166.0,0,0.0
1700,69.4,164.0,0,1.58
1701,69.2,166.0,0,1.67
1702,69.0,168.0,0,2.98
1703,68.9,169.0,0,1.89
1704,68.7,171.0,0,1.76
1705,68.5,172.0,0,2.06
1706,68.4,174.0,0,1.97
1707,68.2,175.0,0,1.64
1708,68.0,176.0,0,1.73
1709,67.9,178.0,0,1.9
1710,67.7,179.0,0,2.02
1711,67.5,18.0,0,3.15
1712,66.2,21.0,0,2.78
1713,67.2,183.0,0,2.82
1714,67.0,185.0,0,2.23
1715,0.0,0.0,0,0.01
1716,68.8,222.0,1,0.0
1717,68.4,225.0,1,0.01
1718,68.1,227.0,1,0.01
1719,67.8,231.0,1,0.01
1720,67.3,235.0,1,0.01
1721,66.3,25.0,1,5.8
1722,66.9,235.0,1,4.61
1723,67.4,225.0,2,4.26
1724,65.9,26.0,2,3.79
1725,65.0,271.0,2,2.91
1726,64.5,274.0,2,2.75
1727,64.0,284.0,2,1.75
1728,64.0,271.0,2,1.31
1729,63.8,263.0,2,2.43
1730,63.2,266.0,2,2.87
1731,62.8,274.0,2,2.79
1732,76.1,16.0,0,0.0
1733,75.9,17.0,0,0.01
1734,75.8,19.0,0,0.01
1735,75.6,11.0,0,0.01
1736,75.4,113.0,0,6.56
1737,75.3,115.0,0,6.56
1738,75.0,117.0,0,6.45
1739,74.6,121.0,0,6.17
1740,74.2,125.0,0,4.98
1741,73.8,13.0,0,5.38
1742,73.6,133.0,0,0.0
1743,73.5,134.0,0,0.01
1744,73.5,134.0,0,0.01
1745,73.4,136.0,0,0.01
1746,73.3,136.0,0,0.01
1747,73.0,144.0,0,0.01
1748,74.3,95.0,17,0.0
1749,74.1,96.0,18,0.43
1750,73.9,97.0,18,0.45
1751,73.6,99.0,19,0.55
1752,73.3,14.0,19,0.54
1753,72.8,11.0,20,0.56
1754,72.3,116.0,20,0.62
1755,71.8,123.0,21,0.51
1756,71.4,128.0,21,0.56
1757,71.0,133.0,22,0.58
1758,77.0,137.0,22,0.47
1759,72.0,142.0,23,0.56
1760,69.9,146.0,24,0.58
1761,69.5,15.0,25,0.46
1762,69.0,155.0,26,0.46
1763,68.6,16.0,27,0.45
1764,57.6,355.0,60,0.0
1765,56.7,375.0,61,0.01
1766,55.3,46.0,62,1.16
1767,54.8,48.0,64,1.19
1768,54.3,47.0,66,0.94
1769,54.0,47.0,69,0.96
1770,53.8,4.0,70,1.18
1771,53.2,45.0,72,1.48
1772,52.1,425.0,74,1.03
1773,51.2,434.0,78,1.2
1774,58.0,434.0,80,1.23
1775,54.0,429.0,82,1.54
1776,51.0,424.0,85,1.68
1777,49.8,416.0,87,2.16
1778,49.5,48.0,90,2.09
1779,49.0,43.0,93,1.14
1780,66.6,199.0,39,0.0
1781,66.4,21.0,40,0.01
1782,66.2,22.0,42,0.7
1783,65.9,25.0,44,0.55
1784,65.6,27.0,47,0.33
1785,65.4,29.0,49,0.3
1786,65.2,211.0,52,0.28
1787,59.2,296.0,59,0.3
1788,64.5,217.0,58,0.26
1789,64.2,22.0,61,0.28
1790,63.9,224.0,64,0.28
1791,63.5,228.0,66,0.44
1792,63.2,231.0,69,0.4
1793,62.8,235.0,71,0.41
1794,62.5,239.0,72,0.38
1795,62.1,243.0,73,0.35
1796,65.8,248.0,2,0.0
1797,65.9,242.0,2,0.01
1798,66.1,232.0,3,0.01
1799,65.8,232.0,3,0.01
1800,64.3,268.0,3,7.84
1801,63.0,299.0,3,7.58
1802,62.4,36.0,3,7.99
1803,61.7,317.0,3,6.28
1804,60.0,356.0,3,5.12
1805,57.0,431.0,3,4.94
1806,55.1,477.0,3,4.89
1807,54.7,483.0,3,4.8
1808,55.0,471.0,3,5.28
1809,55.7,452.0,3,5.09
1810,56.5,426.0,3,5.09
1811,57.4,41.0,3,5.73
1812,0.0,0.0,0,0.01
1813,69.2,165.0,17,0.0
1814,69.6,158.0,18,0.01
1815,69.3,162.0,19,0.27
1816,68.9,167.0,20,0.26
1817,68.4,172.0,22,0.27
1818,68.0,178.0,23,0.24
1819,67.5,183.0,25,0.22
1820,67.0,189.0,27,0.21
1821,66.6,194.0,29,0.2
1822,66.0,21.0,31,0.2
1823,65.4,28.0,33,0.2
1824,64.7,218.0,35,0.21
1825,64.3,22.0,38,0.2
1826,63.1,238.0,40,0.19
1827,63.2,23.0,43,0.09
1828,62.5,238.0,46,0.08
1829,81.9,57.0,1,0.0
1830,81.7,58.0,1,0.01
1831,81.4,6.0,1,8.68
1832,81.1,62.0,1,9.05
1833,81.1,63.0,1,8.96
1834,88.0,64.0,1,9.33
1835,86.0,65.0,1,9.23
1836,83.0,68.0,1,9.62
1837,82.0,68.0,1,9.53
1838,79.8,71.0,1,9.79
1839,79.4,72.0,1,9.69
1840,79.2,77.0,1,9.56
1841,78.7,8.0,1,9.56
1842,78.4,81.0,1,9.68
1843,78.3,82.0,1,9.95
1844,78.1,84.0,1,10.06
1845,81.6,66.0,0,8.7
1846,81.5,67.0,0,9.07
1847,81.3,69.0,0,9.18
1848,81.1,7.0,0,9.2
1849,86.0,72.0,0,9.47
1850,89.0,71.0,0,9.62
1851,85.0,73.0,0,9.24
1852,81.0,75.0,0,9.49
1853,81.0,76.0,0,9.19
1854,79.9,76.0,0,9.34
1855,79.9,78.0,0,9.31
1856,79.2,79.0,0,9.15
1857,79.1,82.0,0,8.91
1858,78.7,83.0,0,9.13
1859,78.5,83.0,0,8.75
1860,78.6,87.0,0,8.91
1861,74.8,145.0,2,0.0
1862,74.5,148.0,2,3.55
1863,73.9,157.0,2,3.58
1864,73.9,157.0,2,3.63
1865,74.5,147.0,3,3.39
1866,73.2,154.0,3,3.38
1867,73.2,163.0,3,3.36
1868,72.5,169.0,3,3.64
1869,72.5,173.0,3,3.83
1870,73.0,17.0,3,3.69
1871,71.2,194.0,3,3.7
1872,71.0,194.0,4,3.81
1873,76.0,198.0,4,3.77
1874,75.0,197.0,4,3.5
1875,73.0,193.0,4,3.51
1876,73.0,192.0,4,3.61
1877,61.8,22.0,49,0.0
1878,61.4,223.0,49,0.01
1879,69.0,227.0,49,0.01
1880,63.0,232.0,49,0.01
1881,59.4,241.0,50,0.15
1882,58.2,252.0,50,0.12
1883,57.1,263.0,51,0.11
1884,56.0,272.0,52,0.12
1885,55.2,276.0,53,0.1
1886,54.5,277.0,54,0.11
1887,53.7,278.0,55,0.11
1888,52.9,279.0,56,0.11
1889,52.1,28.0,56,0.1
1890,51.4,282.0,57,0.1
1891,56.0,283.0,57,0.11
1892,50.0,284.0,58,0.1
1893,54.5,344.0,483,0.0
1894,53.6,362.0,490,0.01
1895,53.2,367.0,498,8.3
1896,52.7,374.0,505,8.54
1897,52.3,375.0,513,8.75
1898,52.0,374.0,521,8.9
1899,51.6,376.0,527,9.05
1900,59.0,386.0,536,9.3
1901,55.0,388.0,542,9.55
1902,49.8,396.0,549,9.66
1903,49.2,4.0,556,9.71
1904,48.5,47.0,563,9.76
1905,48.1,41.0,567,9.75
1906,47.7,49.0,571,9.61
1907,47.4,48.0,574,9.58
1908,47.1,45.0,576,9.23
1909,0.0,0.0,0,0.01
1910,81.8,59.0,0,5.97
1911,81.6,61.0,0,6.06
1912,81.5,62.0,0,6.21
1913,81.3,61.0,0,6.21
1914,81.1,67.0,0,6.53
1915,81.0,66.0,0,6.59
1916,89.0,67.0,0,6.68
1917,86.0,67.0,0,6.75
1918,85.0,67.0,0,6.6
1919,84.0,7.0,0,6.47
1920,81.0,73.0,0,6.37
1921,79.8,77.0,0,6.22
1922,79.4,78.0,0,6.04
1923,78.9,81.0,0,5.89
1924,78.8,82.0,0,5.49
1925,78.5,85.0,0,5.67
1926,76.6,99.0,1,0.0
1927,76.4,11.0,1,0.4
1928,76.2,12.0,1,0.46
1929,76.0,14.0,1,0.51
1930,75.8,15.0,1,0.54
1931,75.6,16.0,1,0.56
1932,75.4,18.0,1,0.56
1933,75.2,19.0,1,0.57
1934,74.9,113.0,1,0.57
1935,74.7,115.0,1,0.58
1936,74.3,118.0,1,0.63
1937,74.0,122.0,1,0.61
1938,73.6,127.0,1,0.56
1939,73.3,13.0,1,0.54
1940,72.9,134.0,1,0.55
1941,72.6,138.0,1,0.38
1942,66.4,161.0,352,0.0
1943,66.2,162.0,359,0.01
1944,66.0,163.0,365,0.04
1945,65.7,165.0,369,0.04
1946,65.5,167.0,371,0.04
1947,65.1,172.0,372,0.04
1948,64.8,175.0,371,0.03
1949,64.6,177.0,369,0.03
1950,64.4,178.0,367,0.03
1951,64.2,179.0,365,0.03
1952,62.9,2.0,364,0.04
1953,63.7,183.0,364,0.01
1954,63.5,185.0,366,0.01
1955,63.2,187.0,371,0.01
1956,63.0,189.0,377,0.01
1957,62.8,19.0,385,0.02
1958,0.0,0.0,0,0.0
1959,77.8,118.0,1,0.0
1960,77.6,119.0,1,6.74
1961,77.5,118.0,1,6.89
1962,77.2,12.0,1,6.95
1963,77.3,121.0,1,6.9
1964,76.5,122.0,1,6.94
1965,76.8,127.0,1,6.87
1966,76.5,127.0,1,6.74
1967,76.4,124.0,1,6.16
1968,76.2,125.0,1,5.72
1969,75.8,122.0,1,5.53
1970,75.8,123.0,1,5.69
1971,75.5,126.0,1,5.52
1972,75.7,125.0,1,5.52
1973,75.5,124.0,2,5.43
1974,75.7,121.0,2,5.58
1975,62.9,275.0,10,0.0
1976,62.7,278.0,10,0.01
1977,62.4,281.0,10,0.01
1978,62.2,284.0,10,0.01
1979,62.0,285.0,10,0.88
1980,61.8,286.0,10,0.79
1981,61.6,288.0,11,0.82
1982,61.4,29.0,11,0.81
1983,61.1,295.0,11,0.71
1984,68.0,299.0,11,0.64
1985,64.0,37.0,11,0.84
1986,59.9,314.0,11,0.58
1987,59.6,321.0,11,0.59
1988,59.3,327.0,11,0.61
1989,59.1,331.0,11,0.68
1990,58.9,335.0,11,0.73
1991,74.0,146.0,2,0.0
1992,73.9,147.0,3,0.01
1993,73.8,148.0,3,5.03
1994,73.6,148.0,3,5.36
1995,73.4,15.0,3,5.79
1996,73.2,152.0,3,5.65
1997,73.0,155.0,3,5.39
1998,72.7,157.0,3,6.14
1999,72.5,159.0,3,5.61
2000,72.3,161.0,3,5.61
2001,72.1,163.0,3,6.38
2002,71.9,165.0,3,6.2
2003,71.7,166.0,4,6.64
2004,71.5,168.0,4,5.66
2005,71.2,17.0,4,6.66
2006,79.0,172.0,4,6.78
2007,75.5,123.0,8,0.0
2008,75.3,125.0,8,0.01
2009,75.3,125.0,8,5.38
2010,74.9,129.0,9,5.14
2011,74.5,133.0,9,4.83
2012,73.7,14.0,10,4.72
2013,73.8,14.0,10,4.69
2014,73.9,138.0,11,4.85
2015,74.0,133.0,11,4.29
2016,74.2,134.0,12,4.22
2017,72.8,148.0,13,4.44
2018,72.2,151.0,14,4.27
2019,72.1,152.0,15,4.5
2020,72.6,144.0,16,4.03
2021,72.4,142.0,17,4.22
2022,71.4,154.0,18,4.59
2023,68.5,211.0,52,0.0
2024,68.4,214.0,54,4.52
2025,68.1,219.0,55,4.61
2026,68.1,217.0,56,5.02
2027,68.0,218.0,57,4.96
2028,67.9,218.0,58,4.85
2029,68.0,219.0,59,4.42
2030,67.5,217.0,60,4.21
2031,67.5,216.0,62,4.19
2032,67.3,219.0,63,4.08
2033,67.0,223.0,65,4.22
2034,67.3,218.0,66,4.45
2035,67.2,217.0,67,4.44
2036,66.8,221.0,68,4.42
2037,66.8,221.0,68,4.54
2038,66.8,219.0,69,4.73
2039,77.5,117.0,2,0.0
2040,77.3,12.0,2,10.71
2041,77.1,12.0,2,11.63
2042,76.8,125.0,2,10.81
2043,76.7,128.0,2,10.93
2044,76.3,13.0,2,10.59
2045,75.7,136.0,2,10.7
2046,75.5,14.0,2,11.4
2047,75.3,144.0,2,10.9
2048,75.2,144.0,2,10.4
2049,75.0,144.0,2,9.5
2050,74.9,143.0,2,9.19
2051,74.7,142.0,3,9.06
2052,74.5,145.0,3,8.02
2053,74.2,149.0,3,7.74
2054,73.7,153.0,3,8.4
2055,81.1,76.0,0,0.0
2056,89.0,78.0,0,9.88
2057,86.0,79.0,0,10.0
2058,83.0,81.0,0,11.96
2059,82.0,85.0,0,11.92
2060,79.6,88.0,0,12.25
2061,79.3,9.0,0,12.03
2062,79.0,92.0,0,12.35
2063,78.7,94.0,0,12.57
2064,78.5,96.0,0,13.11
2065,77.7,11.0,0,13.33
2066,78.0,99.0,0,13.45
2067,77.3,15.0,0,14.21
2068,77.2,17.0,1,12.0
2069,76.9,11.0,1,12.22
2070,76.6,11.0,1,11.89
2071,78.2,68.0,0,0.0
2072,78.1,69.0,0,1.15
2073,77.9,7.0,0,1.2
2074,77.8,72.0,0,1.13
2075,77.5,74.0,0,1.16
2076,77.3,76.0,0,1.16
2077,77.0,79.0,0,1.11
2078,76.8,82.0,0,1.37
2079,76.7,83.0,0,1.24
2080,76.6,83.0,0,1.28
2081,76.6,84.0,0,1.18
2082,76.6,84.0,0,1.11
2083,76.5,85.0,0,1.0
2084,76.4,85.0,0,0.87
2085,76.3,87.0,0,0.76
2086,76.2,88.0,0,0.5
2087,82.3,64.0,1,0.0
2088,82.0,66.0,1,0.01
2089,81.7,68.0,1,9.33
2090,81.2,69.0,1,9.56
2091,81.1,72.0,2,9.34
2092,87.0,74.0,2,9.23
2093,86.0,75.0,2,8.97
2094,83.0,75.0,2,9.31
2095,79.8,77.0,2,9.05
2096,79.4,79.0,2,8.83
2097,78.7,84.0,2,9.03
2098,78.2,89.0,3,9.18
2099,77.6,95.0,3,9.66
2100,77.1,99.0,3,9.55
2101,76.7,17.0,3,11.45
2102,76.0,116.0,4,10.33
2103,72.1,157.0,1,0.0
2104,71.8,162.0,1,9.99
2105,71.7,163.0,1,10.49
2106,79.0,175.0,1,10.68
2107,77.0,177.0,1,9.45
2108,68.8,219.0,1,8.25
2109,69.0,218.0,1,8.45
2110,68.9,228.0,1,9.07
2111,68.3,237.0,1,9.66
2112,68.0,242.0,1,8.36
2113,67.3,248.0,1,10.78
2114,68.0,225.0,1,12.27
2115,67.6,226.0,1,8.15
2116,67.5,225.0,1,6.71
2117,67.6,228.0,1,10.98
2118,67.1,235.0,1,9.89
2119,75.0,133.0,2,0.0
2120,74.8,135.0,2,0.01
2121,74.6,138.0,2,9.59
2122,74.4,138.0,2,9.58
2123,74.3,139.0,2,9.1
2124,73.4,153.0,2,9.0
2125,73.1,158.0,2,10.4
2126,73.1,159.0,2,11.9
2127,72.9,154.0,3,10.6
2128,72.5,157.0,3,8.51
2129,71.9,162.0,3,7.68
2130,71.7,165.0,4,9.82
2131,71.1,174.0,4,8.78
2132,77.0,178.0,4,9.62
2133,78.0,179.0,4,9.78
2134,77.0,175.0,4,10.16
2135,75.0,222.0,13,0.0
2136,73.0,225.0,13,10.12
2137,70.0,229.0,14,10.58
2138,69.6,237.0,14,10.99
2139,69.4,242.0,14,11.04
2140,68.4,256.0,15,11.05
2141,68.2,261.0,15,11.21
2142,67.5,278.0,16,12.04
2143,67.3,282.0,16,12.19
2144,66.4,3.0,17,11.79
2145,65.0,327.0,18,11.57
2146,64.9,321.0,19,11.5
2147,64.6,322.0,20,11.32
2148,64.8,313.0,20,10.87
2149,65.1,38.0,21,10.47
2150,65.0,37.0,22,10.18
2151,66.1,227.0,11,0.0
2152,65.7,23.0,12,0.01
2153,65.2,233.0,12,0.01
2154,64.6,239.0,13,0.01
2155,63.8,247.0,14,8.34
2156,62.8,26.0,16,7.92
2157,61.0,288.0,17,7.11
2158,68.0,282.0,18,6.39
2159,59.6,295.0,20,6.78
2160,57.6,328.0,22,6.88
2161,55.3,37.0,24,7.01
2162,53.4,397.0,26,6.75
2163,52.0,48.0,29,6.66
2164,57.0,415.0,31,7.82
2165,48.6,438.0,33,5.72
2166,48.3,426.0,34,7.13
2167,0.0,0.0,0,8.54
2168,75.2,138.0,0,0.0
2169,75.0,139.0,0,9.97
2170,74.8,141.0,0,9.73
2171,74.7,142.0,0,9.99
2172,74.6,143.0,0,10.43
2173,74.2,147.0,0,10.87
2174,74.3,147.0,0,11.09
2175,74.1,149.0,0,12.09
2176,73.9,151.0,0,12.68
2177,73.5,155.0,0,13.45
2178,73.1,16.0,0,12.32
2179,72.6,166.0,0,11.93
2180,72.2,171.0,0,12.55
2181,72.0,174.0,0,11.85
2182,71.8,178.0,0,12.03
2183,71.6,183.0,0,11.69
2184,73.2,156.0,0,0.0
2185,73.1,157.0,0,7.01
2186,72.7,161.0,0,7.07
2187,72.8,159.0,0,6.93
2188,72.7,16.0,0,7.02
2189,72.5,162.0,0,7.0
2190,72.3,165.0,0,6.85
2191,72.1,167.0,0,6.92
2192,71.9,17.0,0,5.89
2193,71.7,173.0,0,5.93
2194,71.4,177.0,0,6.04
2195,71.2,181.0,0,5.42
2196,71.0,184.0,0,5.1
2197,79.0,186.0,0,4.94
2198,79.0,186.0,0,4.73
2199,79.0,186.0,0,4.8
2200,74.0,125.0,0,0.0
2201,73.8,128.0,0,0.01
2202,73.6,131.0,0,0.01
2203,73.2,136.0,0,0.01
2204,73.0,139.0,0,2.15
2205,72.6,144.0,0,3.01
2206,76.0,172.0,0,2.88
2207,72.5,146.0,0,3.97
2208,72.2,149.0,0,3.85
2209,72.0,153.0,0,3.52
2210,71.6,16.0,0,3.63
2211,71.4,162.0,0,3.62
2212,79.0,169.0,0,4.17
2213,76.0,174.0,0,3.3
2214,75.0,175.0,0,3.43
2215,72.0,18.0,0,3.0
2216,0.0,0.0,0,0.01
2217,67.5,19.0,0,0.0
2218,67.3,191.0,0,0.01
2219,67.1,192.0,0,0.01
2220,66.9,194.0,0,0.01
2221,66.6,198.0,0,5.69
2222,66.2,24.0,0,5.58
2223,65.8,21.0,0,4.13
2224,65.4,215.0,0,4.36
2225,65.1,217.0,0,4.14
2226,64.7,22.0,0,5.46
2227,64.3,222.0,0,5.27
2228,63.8,224.0,0,5.78
2229,63.4,225.0,0,6.54
2230,63.1,226.0,0,5.8
2231,62.8,225.0,0,5.02
2232,62.6,224.0,0,5.07
2233,74.5,88.0,7,0.0
2234,74.4,88.0,7,0.09
2235,74.3,89.0,8,0.09
2236,74.1,9.0,8,0.09
2237,73.9,92.0,8,0.09
2238,73.7,94.0,8,0.09
2239,73.4,97.0,8,0.09
2240,73.3,98.0,9,0.09
2241,73.2,99.0,9,0.1
2242,73.2,1.0,9,0.08
2243,73.1,11.0,9,0.05
2244,73.1,12.0,9,0.06
2245,73.0,13.0,9,0.05
2246,72.9,15.0,10,0.05
2247,72.8,17.0,10,0.05
2248,72.6,11.0,10,0.05
2249,66.7,188.0,19,0.0
2250,66.4,192.0,19,0.26
2251,66.0,196.0,20,0.26
2252,65.6,2.0,20,0.28
2253,64.9,26.0,20,0.32
2254,64.3,212.0,21,0.28
2255,63.5,219.0,21,0.3
2256,62.8,225.0,22,0.28
2257,62.1,23.0,22,0.32
2258,61.3,236.0,23,0.34
2259,65.0,242.0,23,0.33
2260,59.7,247.0,24,0.35
2261,59.0,251.0,25,0.33
2262,58.4,252.0,25,0.36
2263,57.9,251.0,26,0.34
2264,57.5,25.0,27,0.29
2265,75.6,121.0,1,0.0
2266,75.4,123.0,1,9.09
2267,75.3,122.0,1,9.16
2268,74.9,126.0,1,9.38
2269,74.6,127.0,1,9.56
2270,74.4,128.0,1,9.65
2271,74.1,131.0,1,9.85
2272,74.0,132.0,1,9.54
2273,73.8,132.0,1,9.3
2274,73.6,133.0,1,8.58
2275,73.0,135.0,1,9.6
2276,73.0,134.0,1,7.42
2277,73.0,134.0,1,7.25
2278,72.9,133.0,1,6.95
2279,73.1,135.0,1,7.53
2280,72.6,141.0,1,7.38
2281,73.2,168.0,0,0.0
2282,73.0,17.0,0,0.01
2283,72.9,172.0,0,0.01
2284,72.7,174.0,0,0.01
2285,72.6,177.0,0,9.72
2286,72.4,18.0,0,6.51
2287,72.3,182.0,0,4.94
2288,72.2,184.0,0,6.33
2289,72.2,185.0,0,8.12
2290,72.2,185.0,0,8.12
2291,72.2,185.0,0,7.82
2292,72.1,186.0,0,7.91
2293,72.1,185.0,0,7.41
2294,72.1,186.0,0,11.15
2295,72.0,187.0,0,6.72
2296,71.8,188.0,0,8.24
2297,51.0,413.0,22,0.0
2298,48.1,463.0,23,0.01
2299,54.0,47.0,23,0.01
2300,49.7,411.0,25,0.01
2301,48.9,418.0,26,3.78
2302,48.1,424.0,27,3.84
2303,47.1,433.0,28,3.97
2304,46.2,441.0,29,3.91
2305,45.3,45.0,29,3.86
2306,44.3,464.0,30,3.8
2307,43.3,48.0,30,3.83
2308,42.3,496.0,30,3.99
2309,41.5,57.0,30,4.07
2310,48.0,513.0,30,4.06
2311,41.0,519.0,30,4.21
2312,39.0,533.0,29,3.97
2313,83.1,55.0,0,1.79
2314,82.9,56.0,0,1.83
2315,82.7,57.0,0,1.83
2316,82.5,59.0,0,1.89
2317,82.2,6.0,0,1.8
2318,82.0,61.0,0,1.84
2319,81.7,62.0,0,1.73
2320,81.4,64.0,0,1.7
2321,81.1,65.0,0,1.6
2322,87.0,66.0,0,1.55
2323,82.0,69.0,0,1.49
2324,79.7,71.0,0,1.45
2325,79.3,73.0,0,1.43
2326,79.0,74.0,0,2.16
2327,78.7,76.0,0,2.08
2328,78.3,78.0,0,2.03
2329,76.7,19.0,0,0.0
2330,76.4,113.0,0,10.6
2331,76.1,114.0,0,9.89
2332,75.8,118.0,0,10.12
2333,75.6,122.0,0,10.24
2334,75.1,124.0,0,10.13
2335,75.0,131.0,0,10.63
2336,74.7,136.0,0,11.37
2337,74.4,14.0,0,10.58
2338,74.3,138.0,0,10.28
2339,74.0,141.0,0,10.81
2340,74.1,138.0,0,10.03
2341,73.8,144.0,0,9.85
2342,73.7,145.0,0,10.78
2343,73.3,145.0,0,10.73
2344,73.0,147.0,0,11.06
2345,88.0,74.0,0,0.0
2346,87.0,76.0,0,10.46
2347,85.0,78.0,0,9.53
2348,82.0,81.0,0,10.95
2349,79.8,84.0,0,10.61
2350,79.5,87.0,0,10.32
2351,79.1,9.0,0,10.52
2352,78.9,96.0,0,10.94
2353,78.3,12.0,0,11.02
2354,78.1,17.0,0,12.26
2355,77.5,14.0,0,11.14
2356,77.2,113.0,0,10.0
2357,76.5,119.0,0,11.58
2358,76.6,117.0,0,9.29
2359,76.2,124.0,0,10.8
2360,76.0,122.0,0,11.9
2361,69.2,177.0,0,0.0
2362,68.8,183.0,0,0.01
2363,68.8,182.0,0,0.01
2364,68.7,184.0,0,0.01
2365,68.5,186.0,0,0.99
2366,68.3,188.0,0,1.1
2367,68.1,192.0,0,1.21
2368,68.0,193.0,0,1.09
2369,67.6,2.0,0,0.85
2370,67.6,2.0,0,0.99
2371,67.4,24.0,0,0.9
2372,67.1,29.0,0,1.18
2373,66.8,215.0,0,1.18
2374,66.5,22.0,0,1.08
2375,66.2,227.0,0,0.7
2376,65.8,235.0,0,0.71
2377,55.0,312.0,50,0.0
2378,54.3,321.0,51,0.01
2379,54.2,318.0,51,0.01
2380,53.1,336.0,51,0.01
2381,53.1,329.0,51,0.01
2382,52.4,336.0,52,0.01
2383,52.2,335.0,52,0.01
2384,51.9,336.0,52,0.01
2385,51.5,34.0,52,0.01
2386,51.5,337.0,51,0.01
2387,51.6,334.0,50,0.01
2388,51.2,341.0,49,0.01
2389,51.1,344.0,48,0.01
2390,58.0,348.0,47,0.01
2391,57.0,352.0,46,0.01
2392,55.0,355.0,45,0.01
2393,62.9,328.0,42,0.0
2394,62.0,347.0,42,7.38
2395,69.0,371.0,43,7.34
2396,59.2,48.0,43,7.38
2397,58.9,413.0,43,7.38
2398,58.0,428.0,43,7.28
2399,56.5,449.0,46,7.6
2400,55.3,473.0,50,8.19
2401,54.5,486.0,51,8.48
2402,54.0,496.0,54,8.5
2403,53.8,498.0,55,8.69
2404,53.7,497.0,55,6.96
2405,54.0,485.0,55,6.93
2406,54.9,459.0,54,7.04
2407,56.0,429.0,52,7.38
2408,57.3,397.0,51,7.3
2409,57.3,332.0,26,0.0
2410,56.6,343.0,26,0.0
2411,56.4,345.0,26,0.0
2412,56.0,347.0,26,0.0
2413,55.4,355.0,27,0.0
2414,55.0,359.0,27,0.0
2415,54.3,369.0,27,0.0
2416,53.6,377.0,27,0.0
2417,53.1,381.0,27,0.0
2418,52.5,383.0,28,0.0
2419,51.9,383.0,28,0.0
2420,51.4,383.0,29,0.0
2421,58.0,383.0,29,0.0
2422,52.0,382.0,30,0.0
2423,49.6,381.0,30,0.0
2424,48.9,38.0,31,0.0
2425,82.8,56.0,1,0.0
2426,82.6,58.0,1,0.01
2427,82.4,6.0,1,9.25
2428,82.0,61.0,1,9.35
2429,82.1,63.0,1,9.62
2430,81.9,64.0,1,9.78
2431,81.6,66.0,2,9.99
2432,81.3,7.0,2,10.24
2433,89.0,72.0,2,11.05
2434,88.0,73.0,2,11.86
2435,81.0,77.0,2,11.92
2436,81.0,79.0,2,11.96
2437,79.4,83.0,2,12.09
2438,79.5,83.0,2,12.26
2439,79.4,84.0,2,9.86
2440,79.1,86.0,2,11.12
2441,74.9,138.0,3,0.0
2442,74.7,141.0,3,2.37
2443,74.6,142.0,3,2.56
2444,74.5,143.0,3,2.8
2445,74.5,141.0,3,3.03
2446,74.5,138.0,3,2.31
2447,71.8,183.0,4,2.05
2448,72.3,172.0,4,2.1
2449,73.7,146.0,4,2.29
2450,73.8,145.0,4,1.96
2451,74.2,138.0,4,1.97
2452,69.1,197.0,6,1.56
2453,73.9,146.0,5,1.69
2454,73.7,149.0,5,1.62
2455,72.7,16.0,5,1.68
2456,71.5,175.0,5,1.45
2457,64.1,225.0,58,0.0
2458,63.8,229.0,59,0.01
2459,63.5,232.0,60,0.01
2460,63.2,235.0,61,0.01
2461,62.7,241.0,61,2.12
2462,62.5,243.0,62,1.77
2463,62.0,248.0,63,1.99
2464,61.8,251.0,64,2.01
2465,61.4,254.0,65,2.01
2466,61.0,26.0,66,1.9
2467,67.0,261.0,66,1.55
2468,59.7,278.0,68,1.59
2469,59.6,278.0,69,1.74
2470,59.4,277.0,70,1.59
2471,58.9,283.0,71,1.81
2472,58.6,284.0,71,1.76
2473,71.6,176.0,0,0.0
2474,71.4,178.0,0,6.32
2475,71.2,179.0,0,6.02
2476,71.3,178.0,0,5.73
2477,76.0,187.0,0,5.64
2478,73.0,19.0,0,5.26
2479,70.0,196.0,0,5.13
2480,69.8,196.0,0,4.94
2481,69.5,22.0,0,4.72
2482,69.3,199.0,0,4.52
2483,68.9,25.0,0,4.47
2484,68.3,214.0,0,4.55
2485,68.0,223.0,0,4.53
2486,67.9,221.0,0,4.41
2487,67.7,219.0,0,4.23
2488,67.4,224.0,0,4.29
2489,58.9,373.0,2,0.0
2490,58.4,382.0,2,0.01
2491,57.6,393.0,2,0.01
2492,56.5,412.0,2,0.01
2493,55.0,438.0,2,5.2
2494,53.6,459.0,2,4.93
2495,52.6,46.0,3,4.9
2496,51.4,477.0,3,4.87
2497,50.0,51.0,3,5.55
2498,47.8,564.0,3,5.53
2499,46.0,63.0,3,5.08
2500,45.6,69.0,3,5.78
2501,45.9,6.0,3,5.65
2502,46.4,587.0,3,5.52
2503,47.1,568.0,3,6.72
2504,48.4,536.0,3,7.19
2505,82.4,53.0,0,0.0
2506,82.3,54.0,0,7.3
2507,81.9,57.0,0,7.3
2508,81.7,57.0,0,7.4
2509,81.7,58.0,0,7.4
2510,81.5,58.0,0,7.2
2511,81.4,62.0,0,7.3
2512,81.1,62.0,0,6.9
2513,89.0,63.0,0,6.9
2514,88.0,64.0,0,6.5
2515,85.0,66.0,0,6.5
2516,83.0,7.0,0,6.6
2517,82.0,69.0,0,6.9
2518,79.9,71.0,0,6.9
2519,79.8,73.0,0,6.6
2520,79.6,73.0,0,6.2
2521,83.4,49.0,0,0.0
2522,83.2,51.0,0,9.61
2523,83.0,52.0,0,9.73
2524,82.7,54.0,0,9.86
2525,82.6,55.0,0,9.99
2526,82.3,57.0,0,10.01
2527,82.1,6.0,0,10.15
2528,82.0,6.0,0,10.29
2529,81.7,63.0,0,10.44
2530,81.5,65.0,0,10.24
2531,81.1,66.0,0,10.15
2532,81.0,69.0,0,10.55
2533,85.0,72.0,0,10.82
2534,84.0,74.0,0,10.85
2535,82.0,75.0,0,11.12
2536,79.7,78.0,0,11.26
2537,64.5,293.0,6,0.0
2538,64.4,294.0,7,0.01
2539,63.6,37.0,7,0.01
2540,62.8,32.0,7,0.01
2541,71.7,163.0,7,0.76
2542,73.7,127.0,7,0.78
2543,73.8,124.0,7,0.81
2544,73.8,122.0,8,0.8
2545,73.8,121.0,8,0.83
2546,73.7,123.0,8,0.97
2547,73.5,127.0,9,0.92
2548,73.2,131.0,9,0.93
2549,73.0,134.0,9,1.29
2550,72.8,135.0,9,1.25
2551,72.7,135.0,10,1.29
2552,72.6,136.0,10,1.41
2553,69.7,161.0,10,0.0
2554,69.6,162.0,10,0.01
2555,69.3,163.0,10,0.01
2556,68.8,164.0,10,0.01
2557,68.1,166.0,10,0.32
2558,67.3,171.0,10,0.32
2559,66.7,174.0,10,0.3
2560,66.4,178.0,10,0.32
2561,66.1,181.0,10,0.35
2562,65.9,183.0,10,0.38
2563,65.5,194.0,10,0.37
2564,65.9,177.0,11,0.38
2565,65.2,182.0,11,0.36
2566,64.3,193.0,12,0.6
2567,64.0,194.0,13,0.86
2568,63.7,198.0,14,0.37
2569,74.9,148.0,8,0.0
2570,74.6,152.0,8,6.41
2571,74.5,153.0,9,6.5
2572,74.3,154.0,9,6.56
2573,74.1,155.0,10,6.07
2574,73.9,158.0,10,5.95
2575,73.7,16.0,11,5.88
2576,73.5,162.0,11,5.92
2577,73.3,165.0,12,6.2
2578,73.0,168.0,13,6.18
2579,72.5,177.0,13,6.26
2580,71.6,189.0,14,6.17
2581,71.7,189.0,15,6.14
2582,71.4,192.0,16,5.93
2583,71.2,194.0,17,5.92
2584,71.1,194.0,18,5.88
2585,75.7,12.0,0,0.0
2586,75.5,12.0,0,1.13
2587,75.3,14.0,0,1.03
2588,75.1,15.0,0,1.23
2589,74.9,17.0,0,1.16
2590,74.7,18.0,0,1.47
2591,74.4,111.0,0,1.77
2592,74.2,111.0,0,1.72
2593,73.5,12.0,0,1.75
2594,73.7,122.0,0,1.74
2595,73.6,12.0,0,1.75
2596,73.5,12.0,0,2.07
2597,73.2,126.0,0,2.4
2598,72.8,128.0,0,2.53
2599,73.1,126.0,0,3.27
2600,72.6,125.0,0,2.86
2601,68.3,152.0,2,0.0
2602,68.0,155.0,2,0.01
2603,67.7,158.0,2,0.01
2604,67.4,159.0,2,0.01
2605,67.2,161.0,2,0.5
2606,66.9,163.0,2,0.1
2607,66.6,165.0,2,0.09
2608,66.2,168.0,2,0.06
2609,65.8,173.0,2,0.05
2610,64.9,186.0,2,0.04
2611,63.7,26.0,3,0.36
2612,62.3,229.0,3,0.38
2613,61.0,25.0,3,0.44
2614,62.0,261.0,3,0.48
2615,59.4,269.0,3,0.5
2616,58.7,276.0,3,0.5
2617,59.9,287.0,13,0.0
2618,59.7,285.0,13,0.01
2619,59.4,287.0,14,0.01
2620,58.9,294.0,14,0.01
2621,58.3,34.0,14,1.44
2622,57.4,323.0,14,1.21
2623,56.7,336.0,14,1.24
2624,56.2,344.0,14,1.33
2625,55.9,344.0,14,1.37
2626,55.7,345.0,15,1.37
2627,55.0,357.0,15,1.14
2628,54.9,355.0,15,1.01
2629,54.7,355.0,15,1.02
2630,54.7,351.0,15,1.0
2631,54.6,345.0,14,0.95
2632,54.6,339.0,14,1.1
2633,73.5,133.0,0,0.0
2634,73.3,135.0,0,0.01
2635,73.2,137.0,0,0.01
2636,73.0,138.0,0,0.01
2637,72.9,14.0,0,0.96
2638,72.8,142.0,0,1.24
2639,72.5,147.0,0,1.08
2640,72.6,145.0,0,1.1
2641,72.5,146.0,0,2.05
2642,72.4,148.0,0,1.79
2643,72.3,15.0,0,1.57
2644,72.2,151.0,0,1.8
2645,72.0,153.0,0,1.79
2646,71.9,155.0,0,1.51
2647,71.8,157.0,0,1.35
2648,71.6,158.0,0,1.24
2649,71.2,17.0,0,0.0
2650,71.1,171.0,0,6.94
2651,71.0,172.0,0,6.71
2652,78.0,174.0,0,6.7
2653,76.0,176.0,0,6.5
2654,74.0,179.0,0,6.5
2655,71.0,183.0,0,6.37
2656,69.9,185.0,0,6.41
2657,69.7,187.0,0,6.37
2658,69.6,188.0,0,6.35
2659,69.5,189.0,0,6.12
2660,69.4,19.0,0,5.82
2661,69.3,191.0,0,5.53
2662,69.2,192.0,0,5.12
2663,69.1,194.0,0,4.55
2664,69.1,197.0,0,4.68
2665,75.3,1.0,3,0.0
2666,75.1,12.0,3,1.39
2667,74.9,13.0,3,1.29
2668,74.9,13.0,3,1.3
2669,74.8,13.0,3,1.29
2670,74.8,12.0,3,1.28
2671,74.7,12.0,3,1.4
2672,74.7,12.0,3,1.37
2673,74.6,12.0,3,1.24
2674,74.4,12.0,3,1.46
2675,74.2,14.0,3,1.37
2676,74.0,15.0,3,1.36
2677,73.7,17.0,4,1.34
2678,73.5,19.0,4,1.17
2679,73.2,11.0,4,1.19
2680,72.9,112.0,4,1.21
2681,75.8,16.0,15,0.0
2682,75.5,17.0,16,1.45
2683,75.2,19.0,17,1.41
2684,74.8,112.0,19,1.54
2685,74.5,114.0,20,1.53
2686,74.2,116.0,21,1.49
2687,73.9,118.0,23,1.4
2688,73.5,121.0,25,1.39
2689,73.2,124.0,26,1.26
2690,72.8,126.0,28,1.29
2691,72.4,129.0,30,1.29
2692,72.0,132.0,33,1.35
2693,71.6,135.0,35,1.42
2694,71.2,138.0,38,1.47
2695,78.0,14.0,41,1.49
2696,74.0,143.0,44,1.54
2697,66.3,215.0,6,0.0
2698,66.0,217.0,7,2.9
2699,65.4,228.0,7,2.93
2700,65.6,22.0,7,2.75
2701,65.6,217.0,7,2.55
2702,65.8,211.0,7,2.48
2703,65.6,215.0,6,2.35
2704,64.5,235.0,6,2.4
2705,64.1,241.0,6,2.58
2706,63.7,245.0,6,2.71
2707,63.3,248.0,6,2.85
2708,63.5,238.0,6,2.86
2709,63.4,231.0,7,2.88
2710,63.3,229.0,7,2.33
2711,64.0,221.0,7,2.35
2712,63.8,224.0,7,2.9
2713,0.0,0.0,0,0.01
2714,62.3,291.0,66,0.0
2715,61.5,38.0,68,0.01
2716,67.0,325.0,71,0.01
2717,60.0,339.0,73,0.01
2718,59.3,347.0,76,10.22
2719,58.4,362.0,79,10.03
2720,57.5,378.0,82,9.63
2721,56.3,41.0,84,9.79
2722,55.5,41.0,88,9.65
2723,54.9,41.0,93,9.81
2724,53.2,446.0,99,10.09
2725,51.3,485.0,104,9.89
2726,51.0,53.0,109,10.16
2727,48.8,523.0,112,10.42
2728,47.7,539.0,115,10.57
2729,46.6,554.0,116,10.47
2730,71.3,195.0,4,0.0
2731,78.0,23.0,4,8.06
2732,71.0,198.0,4,8.44
2733,77.0,25.0,5,8.44
2734,75.0,24.0,5,8.48
2735,69.8,212.0,5,8.39
2736,69.2,231.0,5,8.71
2737,67.7,273.0,5,9.46
2738,67.5,277.0,5,8.86
2739,67.7,267.0,5,7.99
2740,67.0,278.0,5,7.31
2741,67.4,267.0,5,6.79
2742,67.6,256.0,6,5.92
2743,67.6,256.0,6,4.89
2744,67.7,253.0,6,4.31
2745,67.5,257.0,6,4.49
2746,77.1,75.0,1,0.0
2747,76.9,77.0,1,1.91
2748,76.7,78.0,1,1.82
2749,76.5,8.0,1,1.75
2750,76.3,81.0,1,1.73
2751,76.2,82.0,1,1.69
2752,76.0,84.0,1,1.73
2753,75.8,85.0,1,1.86
2754,75.6,87.0,1,1.69
2755,75.4,89.0,1,1.74
2756,75.3,92.0,1,1.79
2757,75.1,95.0,1,1.77
2758,74.9,98.0,1,1.74
2759,74.7,11.0,1,1.72
2760,74.5,14.0,1,1.67
2761,74.2,17.0,1,1.64
2762,81.2,69.0,3,10.66
2763,81.0,71.0,3,10.37
2764,87.0,72.0,3,10.32
2765,86.0,72.0,3,10.42
2766,86.0,74.0,3,10.68
2767,82.0,77.0,3,10.88
2768,81.0,78.0,4,10.79
2769,79.6,8.0,4,11.47
2770,79.5,8.0,4,11.84
2771,79.3,82.0,4,11.61
2772,79.0,82.0,4,12.05
2773,78.8,83.0,4,12.22
2774,78.3,86.0,4,11.85
2775,78.2,87.0,4,11.44
2776,78.0,88.0,4,10.91
2777,77.8,89.0,4,10.59
2778,61.8,279.0,85,0.0
2779,67.0,34.0,86,0.01
2780,59.7,323.0,86,4.2
2781,58.6,348.0,87,3.98
2782,58.3,348.0,88,4.04
2783,57.5,36.0,89,4.19
2784,56.9,368.0,91,3.97
2785,56.2,376.0,92,3.44
2786,54.5,411.0,94,4.4
2787,53.1,437.0,96,4.07
2788,52.2,449.0,97,3.94
2789,51.5,454.0,100,3.81
2790,58.0,459.0,103,2.34
2791,52.0,46.0,106,3.37
2792,49.6,46.0,110,4.09
2793,49.2,457.0,114,3.89
2794,79.3,13.0,23,0.0
2795,79.1,14.0,23,8.82
2796,78.9,16.0,23,8.82
2797,78.8,16.0,24,8.82
2798,78.7,16.0,25,8.67
2799,78.7,15.0,25,8.55
2800,78.5,18.0,26,8.71
2801,78.2,18.0,27,8.74
2802,78.1,11.0,27,8.74
2803,77.8,113.0,28,8.63
2804,77.5,112.0,28,8.52
2805,77.5,111.0,28,8.48
2806,77.2,114.0,28,8.4
2807,77.0,115.0,28,8.33
2808,76.9,115.0,28,8.25
2809,76.8,114.0,28,8.21
2810,77.0,116.0,0,0.0
2811,76.8,117.0,0,6.03
2812,76.8,117.0,0,5.82
2813,76.5,118.0,0,5.77
2814,77.0,111.0,0,5.97
2815,76.3,118.0,0,6.21
2816,76.6,118.0,0,6.67
2817,76.4,119.0,1,6.76
2818,75.4,124.0,1,6.67
2819,76.2,117.0,1,6.58
2820,75.7,123.0,1,6.35
2821,75.4,122.0,1,5.66
2822,75.4,121.0,1,5.11
2823,75.4,124.0,1,5.86
2824,75.2,123.0,1,6.48
2825,75.1,131.0,1,6.65
2826,69.4,184.0,15,0.0
2827,69.2,184.0,16,0.01
2828,69.1,185.0,17,0.01
2829,68.8,184.0,18,0.01
2830,68.5,183.0,19,2.83
2831,68.3,183.0,20,2.73
2832,68.0,183.0,21,2.56
2833,67.9,184.0,22,2.36
2834,67.8,184.0,22,2.15
2835,67.6,185.0,23,1.96
2836,67.3,192.0,24,1.78
2837,67.8,183.0,24,1.59
2838,67.2,183.0,25,1.54
2839,67.1,186.0,27,1.47
2840,67.4,185.0,28,1.53
2841,67.1,189.0,30,1.6
2842,72.0,13.0,0,0.0
2843,71.7,134.0,0,0.01
2844,71.6,135.0,0,0.01
2845,71.4,138.0,0,0.01
2846,71.2,141.0,0,0.85
2847,71.0,145.0,0,0.91
2848,78.0,149.0,0,0.83
2849,75.0,153.0,0,1.18
2850,73.0,157.0,0,1.01
2851,71.0,161.0,0,1.0
2852,69.9,165.0,0,0.88
2853,69.6,169.0,0,0.85
2854,69.4,173.0,0,1.2
2855,69.3,176.0,0,1.24
2856,69.1,179.0,0,0.91
2857,69.0,18.0,0,1.21
2858,74.1,157.0,9,0.0
2859,73.9,158.0,9,6.47
2860,73.8,159.0,9,6.71
2861,73.7,161.0,9,6.7
2862,73.8,158.0,9,6.74
2863,73.7,158.0,9,7.22
2864,73.6,166.0,9,7.59
2865,73.2,168.0,9,8.18
2866,73.4,165.0,9,8.7
2867,73.6,163.0,9,8.27
2868,73.6,158.0,9,7.92
2869,73.3,161.0,10,7.55
2870,72.4,172.0,10,6.3
2871,73.1,167.0,10,6.89
2872,72.5,169.0,10,8.05
2873,72.5,168.0,11,8.01
2874,76.0,127.0,28,0.0
2875,75.9,128.0,28,4.09
2876,75.7,129.0,28,4.0
2877,75.6,13.0,29,4.12
2878,75.4,131.0,29,3.94
2879,75.2,133.0,29,3.93
2880,75.0,134.0,29,3.86
2881,74.9,135.0,28,3.58
2882,74.7,136.0,28,3.01
2883,74.6,136.0,28,2.56
2884,74.4,136.0,29,2.7
2885,74.2,136.0,29,2.86
2886,74.0,137.0,30,2.19
2887,73.8,137.0,30,2.03
2888,73.6,138.0,32,1.84
2889,73.4,139.0,33,1.6
2890,65.7,224.0,37,0.0
2891,65.4,228.0,37,0.01
2892,65.4,226.0,36,0.04
2893,64.7,236.0,36,0.04
2894,64.6,234.0,35,0.04
2895,64.4,233.0,35,0.06
2896,64.1,235.0,36,0.03
2897,63.8,238.0,37,0.04
2898,63.4,24.0,38,0.05
2899,63.0,242.0,39,0.04
2900,62.6,245.0,40,0.04
2901,62.2,247.0,42,0.06
2902,61.9,249.0,43,0.04
2903,61.5,25.0,45,0.07
2904,61.1,251.0,46,0.08
2905,68.0,252.0,48,0.07
2906,61.8,33.0,27,0.0
2907,61.1,314.0,28,0.01
2908,63.0,328.0,29,2.41
2909,59.2,349.0,29,2.59
2910,58.2,366.0,29,2.57
2911,58.0,363.0,30,2.47
2912,57.4,368.0,30,2.3
2913,55.7,45.0,31,2.12
2914,52.6,487.0,32,2.08
2915,58.0,526.0,33,2.25
2916,49.3,554.0,34,2.33
2917,47.9,578.0,36,2.46
2918,46.4,64.0,39,2.33
2919,45.5,69.0,41,2.44
2920,44.6,611.0,43,2.61
2921,43.8,614.0,44,2.62
2922,67.0,336.0,22,0.0
2923,59.2,371.0,23,6.5
2924,58.0,399.0,25,6.39
2925,56.6,429.0,26,6.09
2926,54.9,464.0,28,6.0
2927,52.4,527.0,29,5.21
2928,50.0,587.0,30,4.64
2929,48.2,632.0,30,3.56
2930,46.6,67.0,29,3.88
2931,45.4,7.0,28,4.57
2932,44.6,717.0,28,4.14
2933,44.3,723.0,27,4.36
2934,44.5,715.0,26,4.06
2935,44.8,73.0,25,4.43
2936,45.3,686.0,25,1.72
2937,46.0,665.0,24,1.68
